Question|Option1|Option2|Option3|Option4|Option5|Answer1|Answer2|Answer3|Answer4|Answer5|Notes|Notes
中国梦，遵从的是“国家好、民族好、大家才会好”的历史逻辑，基本内涵是实现（     ），核心内涵是中华民族伟大复兴。|国家富强|民族振兴|人民幸福|环境优美|世界大同|1|2|3|||P32|P32
中国特色社会主义是由（     ）三位一体构成的，三者统一于中国特色社会主义伟大实践，这是党领导人民在建设社会主义长期实践中形成的最鲜明特色。|文化|理论体系|制度|道路|格局|2|3|4|||P34中国特色社会主义是由道路、理论体系、制度三位一体构成的，三者统一于中国特色社会主义伟大实践，这是党领导人民在建设社会主义长期实践中形成的最鲜明特色。|P34中国特色社会主义是由道路、理论体系、制度三位一体构成的，三者统一于中国特色社会主义伟大实践，这是党领导人民在建设社会主义长期实践中形成的最鲜明特色。
2014年12月，习近平在江苏省调研考察时提出“四个全面”的思想，即（    ）|全面建成小康社会|全面深化改革|全面依法治国|全面从严治党|全面惩治腐败|1|2|3|4||P382014年12月，习近平在江苏省调研考察时提出“四个全面” 的思想，即全面建成小康社会、全面深化改革、全面依法治国、全面从严治党。|P382014年12月，习近平在江苏省调研考察时提出“四个全面” 的思想，即全面建成小康社会、全面深化改革、全面依法治国、全面从严治党。
党风廉政建设责任主体及内容包括（    ）|党组对党风廉政建设负主体责任|纪委书记是党风廉政建设第一责任人|领导班子其他成员对职责范围内的党风廉政建设负主要领导责任|部门负责人对本部门党风廉政建设负直接责任|纪检监察部门负监督责任|1|3|4|5||P45 党组主要负责人是党风廉政建设第一责任人|P45 党组主要负责人是党风廉政建设第一责任人
建立健全问责典型问题通报曝光制度，采取（    ）方式问责的，一般应当向社会公开。|通报批评|组织处理 |纪律处分 |书面诫勉|组织调整|2|3|5|||P48受到问责的党的领导干部应当向问责决定机关写出书面检讨，并在民主生活会或者其他党的会议上作出深刻检查。建立健全问责典型问题通报曝光制度，采取组织调整或者组织处理、纪律处分方式问责的，一般应当向社会公开。|P48受到问责的党的领导干部应当向问责决定机关写出书面检讨，并在民主生活会或者其他党的会议上作出深刻检查。建立健全问责典型问题通报曝光制度，采取组织调整或者组织处理、纪律处分方式问责的，一般应当向社会公开。
下列哪几项行为应当给予党纪处分？（    ）。|经商办企业的|个人买卖股票或者进行其他证券投资的|从事有偿中介活动的|在国（境）外注册公司或者投资入股的|拥有非上市公司（企业）的股份或者证券的|1|3|4|5||P63|P63
税务人员违纪违法行为的组织处理形式包括（    ）|通报批评|扣发奖金|记过|责令待岗|取消执法资格|1|4|5|||P58|P58
下面属于2012版税务法定公文必备的基本组成部分有(   )。|发文机关标志|主送机关|标题|印章|签发人|1|3|||||
关于行政沟通，下列说法正确的有（    ）|书面沟通存在着可能耗费时间的不足|口头沟通直接迅速，但容易产生信息失真|正式沟通速度较快，且接受的一方对沟通意见参与的机会较多|非正式沟通的信息常被歪曲，各种不利于组织的小道消息四起|非语言沟通在一定条件下可以起到语言沟通所不能达到的特殊效果|1|2|4|5||P82|P82
党政机关国内公务接待应当坚持的原则有（    ）。|务实节俭|高效透明|热情周到|礼尚往来|尊重少数民族风俗习惯|1|2|5|||P86国内公务接待应当坚持有利公务、务实节俭、严格标准、简化礼仪、高效透明、尊重少数民族风俗习惯的原则；坚持为税收中心工作服务、方便机关正常工作往来的原则。|P86国内公务接待应当坚持有利公务、务实节俭、严格标准、简化礼仪、高效透明、尊重少数民族风俗习惯的原则；坚持为税收中心工作服务、方便机关正常工作往来的原则。
关于引导礼仪，下列说法正确的包括（    ）|引导来客在走廊行走时， 应走在客人左前方数步的位置|转弯或上楼梯时要有礼貌地说声“请这边走”， 并回头以手示意|如电梯无人服务，应让客人先进去，自己后进去，到达时则让客人先出|乘车时，上车要让领导和客人先上，自己后上|乘车时，下车要让领导和客人先下，自己后下|1|2|4|||P88在走廊时，应走在客人左前方数步的位置。乘电梯时，如有专人在电梯服务，应让客人先进，到达时也应让客人先出；如电梯无人服务，应自己先进去，再让客人进，到达时则让客人先出。乘车时要注意，上车要让领导和客人先上，自己后上，要主动为领导或来宾打开车门，并以手示意，待领导或来宾坐稳后再关门。车到目的地，自己要先下，为领导或客人打开车门。|P88在走廊时，应走在客人左前方数步的位置。乘电梯时，如有专人在电梯服务，应让客人先进，到达时也应让客人先出；如电梯无人服务，应自己先进去，再让客人进，到达时则让客人先出。乘车时要注意，上车要让领导和客人先上，自己后上，要主动为领导或来宾打开车门，并以手示意，待领导或来宾坐稳后再关门。车到目的地，自己要先下，为领导或客人打开车门。
税收具有（     ）的特征。|强制性|无偿性|返还性|固定性|比例性|1|2|4|||P88|P88
税收原则可以归纳为（    ）等四个方面。|财政原则|所得原则|公平原则|效率原则|法治原则|1|3|4|5||P89税收原则归纳为“财政、公平、效率和法治”等四个方面。|P89税收原则归纳为“财政、公平、效率和法治”等四个方面。
下列项目中属于税法要素的包括（    ）。|纳税义务人|征税对象|税率|纳税期限|法人|1|2|3|4||P89税法要素一般包括纳税义务人、征税对象、税率、税收优惠、纳税环节、纳税期限、纳税地点、法律责任等项目。|P89税法要素一般包括纳税义务人、征税对象、税率、税收优惠、纳税环节、纳税期限、纳税地点、法律责任等项目。
进项税额可以从销项税额中抵扣，要有合法有效的增值税抵扣凭证，包括（    ）|增值税专用发票|海关进口增值税专用缴款书|农产品收购发票|小规模纳税人开具的普通发票|中华人民共和国税收缴款凭证|1|2|3|5||P93第一，要有合法有效的增值税抵扣凭证，包括增值税专用发票（含货物运输业增值税专用发票、税控机动车销售统一发票，下同）、海关进口增值税专用缴款书、农产品收购发票、农产品销售发票和中华人民共和国税收缴款凭证。|P93第一，要有合法有效的增值税抵扣凭证，包括增值税专用发票（含货物运输业增值税专用发票、税控机动车销售统一发票，下同）、海关进口增值税专用缴款书、农产品收购发票、农产品销售发票和中华人民共和国税收缴款凭证。
消费税应纳税额的计算公式包括：（    ）。|应纳税额＝应税消费品的销售额×比例税率|应纳税额＝应税消费品的销售数量×定额税率|应纳税额＝销售额×比例税率＋销售数量×定额税率|应纳税额=[（材料成本＋加工费）÷（1－消费税税率）]×适用税率|应纳税额=当期销项税额-当期进项税额|1|2|3|4||P100|P100
关于消费税的纳税环节，正确的说法包括（    ）。|纳税人生产的应税消费品，于纳税人销售时纳税|纳税人自产自用的应税消费品，用于连续生产应税消费品的，于移送使用时纳税|委托加工的应税消费品，除受托方为个人外，由受托方在向委托方交货时代收代缴税款|对卷烟，除生产环节外，在批发环节加征从价税与从量税|金银首饰、钻石及钻石饰品消费税由生产环节征收改为零售环节征收|1|3|4|5||P101|P101
契税的征税范围中，权属转移的形式包括(     )。|国有土地使用权出让|房屋赠与|以土地、房屋权属作价投资、入股|以土地、房屋权属抵债|购买海外房产|1|2|3|4||P125|P125
关于契税的计税依据，下列说法中错误的有（    ）。|出让国有土地使用权的，其契税计税依据为承受人为取得该土地使用权而支付的全部经济利益|买卖装修的房屋，装修费用不应包括在计税价格内|土地使用权赠与、房屋赠与，由征收机关参照土地使用权出售、房屋买卖的市场价格核定|土地使用权交换、房屋交换的，为交换双方土地使用权或房屋中价格较高的一方|原已批准减征、免征契税的纳税人改变有关土地、房屋的用途，导致不再属于契税减征、免征范围的，应当补缴已经减征、免征的税款，其计税依据为纳税人改变用途时有关土地、房屋的计税价格|2|4|5|||P126 |P126 
关于城市维护建设税的下列说法中，正确的有（    ）。|城市维护建设税的计税依据，是指纳税人实际缴纳的“三税”税额，包括加收的滞纳金和罚款|实行出口货物免抵退税的生产企业，国家税务局正式审核批准的当期免抵的增值税税额，应按规定税率计算缴纳城市维护建设税|城市维护建设税具有附加税性质，当“三税”发生减免时，城市维护建设税相应发生税收减免|对出口产品退还增值税、消费税的，不退还已缴纳的城市维护建设税|对“三税”实行先征后返、先征后退、即征即退办法的，除另有规定外对随“三税”附征的城市维护建设税，一律不予退（返）还|2|3|4|5||P128 城市维护建设税的计税依据，是指纳税人实际缴纳的“三税”税额，不包括加收的滞纳金和罚款。|P128 城市维护建设税的计税依据，是指纳税人实际缴纳的“三税”税额，不包括加收的滞纳金和罚款。
甲公司依据新加坡的法律成立，但实际管理机构在中国上海，那么依照我国企业所得税法规定，该公司的应就来源于（     ）的所得缴纳企业所得税。|中国境内|中国境外|仅就中国境内|仅就中国境内和新加坡|仅就中国境内和来源于中国境外但与其实际管理机构有实际联系|1|2||||P102|P102
下列关于所得来源地的判断，符合我国企业所得税法规定的有（     ）|英国企业A在中国境内销售电视机取得收入，属于来源于境内的所得|中国企业B在日本投资设立企业甲收到其分配的股息收入，属于来源于境外的所得|中国企业C将使用过的大型生产设备出售给位于越南的乙企业收到的收入，属于来源于境外的所得|中国企业D将一处位于澳洲的房产转让给境内居民企业丙，属于来源于境内的所得|美国母公司E向境内子公司丁收取特许权使用费收入，属于来源于境内的所得|1|2|5|||P102|P102
根据企业所得税法规定，企业发生的在规定标准范围内准予扣除，超过部分准予在以后纳税年度结转扣除的有（    ）。|职工福利费支出|职工教育经费|与生产经营活动有关的业务招待费支出|符合条件的广告宣传费支出|公益性捐赠支出|2|4||||P105|P105
下列项目中，不得在计算应纳税所得额时扣除的有（    ）|工商部门的罚款|税收滞纳金|违约赔偿费|赞助支出|现金股利支出|1|2|4|5||P1061.在计算应纳税所得额时，下列支出不得扣除：（1）向投资者支付的股息、红利等权益性投资收益款项；（2）企业所得税税款；（3）税收滞纳金；（4）罚金、罚款和被没收财物的损失；（5）准予扣除的公益性捐赠支出以外的捐赠支出；（6）赞助支出；（7）未经核定的准备金支出；|P1061.在计算应纳税所得额时，下列支出不得扣除：（1）向投资者支付的股息、红利等权益性投资收益款项；（2）企业所得税税款；（3）税收滞纳金；（4）罚金、罚款和被没收财物的损失；（5）准予扣除的公益性捐赠支出以外的捐赠支出；（6）赞助支出；（7）未经核定的准备金支出；
下列有关非居民企业应纳税额的计算的说法中，正确的有（    ）|股息、红利等权益性投资收益，以收入全额减去投资成本后的余额为应纳税所得额|利息所得，以收入全额为应纳税所得额|租金所得，以收入全额为应纳税所得额|特许权使用费所得，以收入全额为应纳税所得额|转让财产所得，以收入全额减除财产净值后的余额为应纳税所得额|2|3|4|5||P108|P108
下列所得项目中，以取得的收入全额为应纳税所得额不得扣除任何费用的有（    ）|稿酬所得|股息所得|利息所得|特许权使用费所得|偶然所得|2|3|5|||P114六、特许权使用费所得每次收入不超过4000元的：应纳税所得额＝每次收入额－800每次收入超过4000元的：应纳税所得额＝每次收入额×（1－20%）|P114六、特许权使用费所得每次收入不超过4000元的：应纳税所得额＝每次收入额－800每次收入超过4000元的：应纳税所得额＝每次收入额×（1－20%）
下列行为中应当缴纳车辆购置税的有（    ）|居民个人张某购买小轿车自用|甲公司进口摩托车运至仓库准备售卖|农民李某受赠一辆农用运输车用于运输种子、化肥|居民孙某中奖获得一辆摩托车自用|汽车生产企业乙公司将自产的客车用作班车接送本企业员工|1|3|4|5||P127|P127
根据规定，税务人员在实施行政执法行为时，与纳税人、扣缴义务人或者其法定代表人、直接责任人有利害关系的，应当回避。该行政执法行为包括（     ）。|核定应纳税额|调整税收定额|进行税务检查|实施税务行政处罚||1|2|3|4||P142税务人员在核定应纳税额、调整税收定额、进行税务检查、实施税务行政处罚、办理税务行政复议时，与纳税人、扣缴义务人或者其法定代表人、直接责任人有下列关系之一的，应当回避：|P142税务人员在核定应纳税额、调整税收定额、进行税务检查、实施税务行政处罚、办理税务行政复议时，与纳税人、扣缴义务人或者其法定代表人、直接责任人有下列关系之一的，应当回避：
省以下税务局的稽查局具有行政执法资主体资格，但其执法权限有一定的限制。根据规定，税务局稽查局专司查处的案件是（    ）。|偷税案件            |逃避追缴欠税案件  |骗税案件            |抗税案件||1|2|3|4||P142专司偷税、逃避追缴欠税、骗税、抗税案件的查处。|P142专司偷税、逃避追缴欠税、骗税、抗税案件的查处。
纳税人有下列情形之一，税务机关有权核定其应纳税额的是（   ）。|依照法律、行政法规的规定可以不设置账簿|依照法律、行政法规的规定应当设置账簿但未设置|发生纳税义务，未按照规定的期限办理纳税申报|纳税人申报的计税依据明显偏低，又无正当理由||1|2|4|||P145纳税人有下列情形之一的，税务机关有权核定其应纳税额：（1）依照法律、行政法规的规定可以不设置账簿的；（2）依照法律、行政法规的规定应当设置账簿但未设置的；（3擅自销毁账簿或者拒不提供纳税资料的；（4）虽设置账簿，但账目混乱或者成本资料、收入凭证、费用凭证残缺不全，难以查账的；（5）发生纳税义务，未按照规定的期限办理纳税申报，经税务机关责令限期申报，逾期仍不申报的；（6）纳税人申报的计税依据明显偏低，又无正当理由的。|P145纳税人有下列情形之一的，税务机关有权核定其应纳税额：（1）依照法律、行政法规的规定可以不设置账簿的；（2）依照法律、行政法规的规定应当设置账簿但未设置的；（3擅自销毁账簿或者拒不提供纳税资料的；（4）虽设置账簿，但账目混乱或者成本资料、收入凭证、费用凭证残缺不全，难以查账的；（5）发生纳税义务，未按照规定的期限办理纳税申报，经税务机关责令限期申报，逾期仍不申报的；（6）纳税人申报的计税依据明显偏低，又无正当理由的。
根据规定，个人及其所扶养家属维持生活必需的住房和用品，不在强制执行措施的范围之内。但下列财产除外的是（   ）。|被执行人拥有的唯一一辆小汽车|被执行人自有的价值3000元的一根金项链|被执行人新近购入的价值4000元的一台电脑|登记在被执行人名下的一套豪华别墅||1|2|4|||P147个人及其所扶养家属维持生活必需的住房和用品，不在税收保全措施和强制执行措施的范围之内。但是，机动车辆、金银饰品、古玩字画、豪华住宅或者一处以外的住房不属于此处所称个人及其所扶养家属维持生活必需的住房和用品。 另外，税务机关对单价5000元以下的其他生活用品，也不采取税收保全措施和强制执行措施。|P147个人及其所扶养家属维持生活必需的住房和用品，不在税收保全措施和强制执行措施的范围之内。但是，机动车辆、金银饰品、古玩字画、豪华住宅或者一处以外的住房不属于此处所称个人及其所扶养家属维持生活必需的住房和用品。 另外，税务机关对单价5000元以下的其他生活用品，也不采取税收保全措施和强制执行措施。
下列各项中，须经县以上税务局（分局）局长批准，方可采取的措施是（     ）。|查询从事生产、经营纳税人和扣缴义务人在银行或者其他金融机构的存款账户|书面通知纳税人开户银行或者其他金融机构冻结纳税人的金额相当于应纳税款的存款|书面通知纳税人开户银行或者其他金融机构从纳税人冻结的存款中扣缴税款|将纳税人当年账簿、记账凭证、报表和其他有关资料调回税务机关检查||1|2|3|||P177|P177
纳税人的下列行为中，如情节严重，税务机关可以处2000元以上1万元以下罚款的是（    ）。|外商投资企业的账簿、会计凭证和报表仅使用一种外国文字，未同时使用中文|未按规定的期限办理纳税申报|擅自改动税控装置|假报出口骗取国家出口退税款||1|2|3|||P149纳税人有下列行为之一的，由税务机关责令限期改正，可以处二千元以下的罚款；情节严重的，处二千元以上一万元以下的罚款：（1）未按照规定的期限申报办理税务登记、变更或者注销登记的；（2）未按照规定设置、保管账簿或者保管记账凭证和有关资料的；（3）未按照规定将财务、会计制度或者财务、会计处理办法和会计核算软件报送税务机关备查的；（4）未按照规定将其全部银行账号向税务机关报告的；（5）未按照规定安装、使用税控装置，或者损毁或者擅自改动税控装置的。纳税人不办理税务登记的，由税务机关责令限期改正；逾期不改正的，经税务机关提请，由工商行政管理机关吊销其营业执照。|P149纳税人有下列行为之一的，由税务机关责令限期改正，可以处二千元以下的罚款；情节严重的，处二千元以上一万元以下的罚款：（1）未按照规定的期限申报办理税务登记、变更或者注销登记的；（2）未按照规定设置、保管账簿或者保管记账凭证和有关资料的；（3）未按照规定将财务、会计制度或者财务、会计处理办法和会计核算软件报送税务机关备查的；（4）未按照规定将其全部银行账号向税务机关报告的；（5）未按照规定安装、使用税控装置，或者损毁或者擅自改动税控装置的。纳税人不办理税务登记的，由税务机关责令限期改正；逾期不改正的，经税务机关提请，由工商行政管理机关吊销其营业执照。
关于加快行政程序建设，下列说法正确的是（     ）。|深化行政执法体制改革|加强对规章和规范性文件的监督|健全行政执法案卷评查制度|建立健全行政执法主体资格制度|推行行政执法责任制|1|3|4|5||P156（四） 加快行政程序建设1． 深化行政执法体制改革2． 严格按照法定程序行使权力、履行职责3． 健全行政执法案卷评查制度4． 建立健全行政执法主体资格制度5． 推行行政执法责任制|P156（四） 加快行政程序建设1． 深化行政执法体制改革2． 严格按照法定程序行使权力、履行职责3． 健全行政执法案卷评查制度4． 建立健全行政执法主体资格制度5． 推行行政执法责任制
下列属于税务行政赔偿的范围的有（     ）。| 县税务局违法要求企业提前缴纳税款| 县税务局对企业未按规定期限办理纳税申报处以2万元罚款| 县税务局未及时解除税收保全措施| 某税务干部甲向纳税人私自借款2万元，到期不还| 县税务局违法采取强制执行措施|1|2|3|5||P189|P189
下列属于税务行政许可项目的是（     ）。|企业印制发票审批|对纳税人延期缴纳税款的核准|对纳税人延期申报的核准|对纳税人变更纳税定额的核准|印花税票代售许可|1|2|3|4||P170由国家税务局和地方税务局实施的税务行政许可项目包括：企业印制发票审批、对纳税人延期缴纳税款的核准、对纳税人延期申报的核准、对纳税人变更纳税定额的核准、增值税专用发票（增值税税控系统） 最高开票限额审批、对采取实际利润额预缴以外的其他企业所得税预缴方式的核定、非居民企业选择由其主要机构场所汇总缴纳企业所得税的审批。|P170由国家税务局和地方税务局实施的税务行政许可项目包括：企业印制发票审批、对纳税人延期缴纳税款的核准、对纳税人延期申报的核准、对纳税人变更纳税定额的核准、增值税专用发票（增值税税控系统） 最高开票限额审批、对采取实际利润额预缴以外的其他企业所得税预缴方式的核定、非居民企业选择由其主要机构场所汇总缴纳企业所得税的审批。
法的特征包括（   ）。|法的规范性   |法的国家意志性    |法的国家强制性  |法的普遍性  |法的社会性|1|2|3|4||P151|P151
法的规范作用可以分为（    ）。 |指引作用 |评价作用 |预测作用  |社会作用 |教育作用 |1|2|3|5||P151法的规范作用是法自身表现出来的，对人们的行为或社会关系可能的影响。可以分为：指引作用、评价作用、预测作用、教育作用和强制作用。|P151法的规范作用是法自身表现出来的，对人们的行为或社会关系可能的影响。可以分为：指引作用、评价作用、预测作用、教育作用和强制作用。
法的渊源包括（     ）。|宪法   |法律   |行政法规  |规范性文件  |自治条例和单行条例|1|2|3|5||P151|P151
法律的制定程序主要包括以下（   ）环节。|法律案的提出     |法律案的审议    |法律案的表决      |法律案的公布  |法律案的解释|1|2|3|4||P153法律的制定程序主要包括：法律案的提出、法律案的审议、法律案的表决和法律案的公布四个环节。|P153法律的制定程序主要包括：法律案的提出、法律案的审议、法律案的表决和法律案的公布四个环节。
(     )等税收基本制度只能由法律规定。|税种的设立     |税率的确定      |纳税环节的确定   |纳税地点的确定  |税收征收管理|1|2|5|||P153税种的设立、税率的确定和税收征收管理等税收基本制度只能由法律规定。|P153税种的设立、税率的确定和税收征收管理等税收基本制度只能由法律规定。
宪法的基本原则(      )。|人民主权原则    |基本人权原则  |法治原则   |权力制约原则  |诚实信用原则|1|2|3|4||P157|P157
刑罚中的附加刑包括（    ）。|罚金         |罚款      |剥夺政治权利        |没收财产        |驱逐出境|1|3|4|5||P165附加刑包括罚金、剥夺政治权利、没收财产、驱逐出境|P165附加刑包括罚金、剥夺政治权利、没收财产、驱逐出境
下列（     ）是《刑法修正案（八）》新增加的罪名。|虚开发票罪|伪造、出售伪造的增值税专用发票罪|非法出售增值税专用发票罪|非法购买增值税专用发票、购买伪造的增值税专用发票罪|持有伪造的发票罪|1|5||||P166|P166
行政合理性原则的基本内容包括（     ）。|行政行为的作出应当符合法律目的，具有正当性|行政行为应建立在考虑相关因素的基础上|行使行政权时要平等的适用法律规范，平等的对待行政相对人，符合公正法则|行政职权必须依据法律行使|行政权的行使应符合自然规律与社会道德|1|2|3|5||公共知识P165  1．行政行为的作出应当符合法律目的，具有正当性；2．行政行为应建立在考虑相关因素的基础上。作出行政决定和进行行政裁量，只能考虑符合立法授权的各种因素，不得考虑不相关因素；3．行使行政权时要平等的适用法律规范，平等的对待行政相对人，符合公正法则，同等情况同等处理，不同情况，不同处理；4．行政行为应保持适度，符合比例原则的要求；5．行政权的行使应符合自然规律与社会道德，符合人类理性和公平正义观念。|公共知识P165  1．行政行为的作出应当符合法律目的，具有正当性；2．行政行为应建立在考虑相关因素的基础上。作出行政决定和进行行政裁量，只能考虑符合立法授权的各种因素，不得考虑不相关因素；3．行使行政权时要平等的适用法律规范，平等的对待行政相对人，符合公正法则，同等情况同等处理，不同情况，不同处理；4．行政行为应保持适度，符合比例原则的要求；5．行政权的行使应符合自然规律与社会道德，符合人类理性和公平正义观念。
税务行政主体包括（    ）。|各级税务局|税务分局|税务所|稽查局|省以下税务局的稽查局|1|2|3|5||公共知识P165税务行政主体可分为四类：第一，各级税务局，从国家税务总局到县税务局。第二，税务分局，是指省级市、地级市税务局在本辖区内的区、县设置的税务分局。第三，税务所，是指县、自治县、旗税务局所设置的派出机构，有的地方则被称为税务分局。第四，省以下税务局的稽查局。|公共知识P165税务行政主体可分为四类：第一，各级税务局，从国家税务总局到县税务局。第二，税务分局，是指省级市、地级市税务局在本辖区内的区、县设置的税务分局。第三，税务所，是指县、自治县、旗税务局所设置的派出机构，有的地方则被称为税务分局。第四，省以下税务局的稽查局。
根据行政处罚法的规定，对违法行为不予行政处罚的情形有（  　）。|未满14周岁的人|不能辨认或不能控制自己行为的精神病人|酗酒者酒醉期间|主动消除或者减轻违法行为危害后果的       |违法行为轻微并及时纠正， 未造成危害后果的|1|2|5|||公共知识P170下列三种情形可免于处罚：（1）违法行为超过处罚时效，不予处罚；（2）未满14 周岁的未成年人和精神病人在不能辨认或不能控制自己行为时实施的行为，不予处罚；（3）违法行为轻微并及时纠正，未造成危害后果的，不予处罚。|公共知识P170下列三种情形可免于处罚：（1）违法行为超过处罚时效，不予处罚；（2）未满14 周岁的未成年人和精神病人在不能辨认或不能控制自己行为时实施的行为，不予处罚；（3）违法行为轻微并及时纠正，未造成危害后果的，不予处罚。
根据权责发生制原则，应计入本期的收入和费用的有（    ）。|本期销售商品一批，并已收款|本期预收销货款|尚未支付的本期水电费|本期预付下一季度的报刊费|支付本月增值税|1|3||||公共知识P190权责发生制基础要求，凡是当期已经实现的收入和已经发生或应当负担的费用无论款项是否收付，都应当作为当期的收入和费用，计入利润表；凡是不属于当期的收入和费用，即使款项已在当期收付，也不应当作为当期的收入和费用。|公共知识P190权责发生制基础要求，凡是当期已经实现的收入和已经发生或应当负担的费用无论款项是否收付，都应当作为当期的收入和费用，计入利润表；凡是不属于当期的收入和费用，即使款项已在当期收付，也不应当作为当期的收入和费用。
下列会计要素属于动态要素的有（     ）。|资产|负债|所有者权益|收入|费用|4|5||||公共知识P192资产、负债、所有者权益是资金运动在某一时点处于相对静止状态时的表现，属于静态会计要素；收入、费用、利润是资金运动在一定时期处于运动状态时的表现，属于动态会计要素|公共知识P192资产、负债、所有者权益是资金运动在某一时点处于相对静止状态时的表现，属于静态会计要素；收入、费用、利润是资金运动在一定时期处于运动状态时的表现，属于动态会计要素
借贷记账法的特点有（     ）。|“借”表示增加，“贷”表示减少 |以“借”、“贷”为记账符号|可根据资产和权益的平衡关系进行试算平衡|以“有借必有贷，借贷必相等”作为记账规则|会计恒等式是借贷记账法的理论基础|2|3|4|5||公共知识P19（二）借贷记账法。试算平衡是指根据借贷记账法的记账规则和资产与权益的平衡关系，通过对所有账户的发生额和余额的汇总计算和比较，来检查账户记录正确性、完整性的一种方法。借贷记账法，是以“借”“贷”为记账符号，以“有借必有贷，借贷必相等”为记账规则的一种复式记账方法。1、借贷记账法的理论基础会计恒等式是借贷记账法的理论基础。2、借贷记账法的记账符号借贷记账法以“借”和“贷”为记账符号。|公共知识P19（二）借贷记账法。试算平衡是指根据借贷记账法的记账规则和资产与权益的平衡关系，通过对所有账户的发生额和余额的汇总计算和比较，来检查账户记录正确性、完整性的一种方法。借贷记账法，是以“借”“贷”为记账符号，以“有借必有贷，借贷必相等”为记账规则的一种复式记账方法。1、借贷记账法的理论基础会计恒等式是借贷记账法的理论基础。2、借贷记账法的记账符号借贷记账法以“借”和“贷”为记账符号。
对于增值税一般纳税人， 应交增值税明细科目还应分别设置（    ）等专栏。|进项税额|进项税额转出|已交税金|销项税额|进口退税|1|2|3|4||公共知识P198增值税一般纳税人应在“应交增值税”明细账内设置“进项税额”、“销项税额抵减”、“已交税金”、“转出未交增值税”、“减免税款”、“出口抵减内销产品应纳税额”、“销项税额”、“出口退税”、“进项税额转出”、“转出多交增值税”等专栏。|公共知识P198增值税一般纳税人应在“应交增值税”明细账内设置“进项税额”、“销项税额抵减”、“已交税金”、“转出未交增值税”、“减免税款”、“出口抵减内销产品应纳税额”、“销项税额”、“出口退税”、“进项税额转出”、“转出多交增值税”等专栏。
成本类账户包括（     ）。|“生产成本”|“制造费用”|“主营业务成本”|“其他业务成本”|“税金及附加”|1|2||||公共知识P201产品生产业务核算需要设置的主要账户:（一）生产成本、（二）制造费用|公共知识P201产品生产业务核算需要设置的主要账户:（一）生产成本、（二）制造费用
下列账户中，期末结转后一般无余额的是（    ）。|“生产成本”|“制造费用”|“累计折旧”|“本年利润”|“主营业务收入”|2|4|5|||公共知识P201、202、209、206“生产成本”期末余额在借方，表示尚未完工的在产品成本。“累计折旧”期末余额在贷方|公共知识P201、202、209、206“生产成本”期末余额在借方，表示尚未完工的在产品成本。“累计折旧”期末余额在贷方
工业企业“营业外收入”账户核算的内容包括（     ）。|处置固定资产利得|政府补助|出售原材料|出租无形资产|债务重组利得|1|2|5|||公共知识P209“营业外收入”账户属于损益类账户，用来核算企业非日常活动中发生的各项利得，主要包括非流动资产处置利得、非货币性资产交换利得、债务重组利得、政府补助、盘盈利得、捐赠利得等。|公共知识P209“营业外收入”账户属于损益类账户，用来核算企业非日常活动中发生的各项利得，主要包括非流动资产处置利得、非货币性资产交换利得、债务重组利得、政府补助、盘盈利得、捐赠利得等。
下列项目中，应计入 “管理费用”账户的是（    ）。|印花税|业务招待费|广告费|差旅费|商品维修费|2|4||||公共知识P199“管理费用”账户属于损益类账户，包括企业在筹建期间内发生的开办费、董事会和行政管理部门在企业的经营管理中发生的或者应由企业统一负担的公司经费（包括行政管理部门职工薪酬、物料消耗、低值易耗品摊销、办公费和差旅费等）、董事会费（包括董事会成员津贴、会议费和差旅费等）、聘请中介机构费、咨询费（含顾问费）、诉讼费、业务招待费、技术转让费、矿产资源补偿费、研究费用、排污费等。|公共知识P199“管理费用”账户属于损益类账户，包括企业在筹建期间内发生的开办费、董事会和行政管理部门在企业的经营管理中发生的或者应由企业统一负担的公司经费（包括行政管理部门职工薪酬、物料消耗、低值易耗品摊销、办公费和差旅费等）、董事会费（包括董事会成员津贴、会议费和差旅费等）、聘请中介机构费、咨询费（含顾问费）、诉讼费、业务招待费、技术转让费、矿产资源补偿费、研究费用、排污费等。
下列项目，属于资产负债表中“存货”项目的是（    ）。|“原材料”|“发出商品”|“生产成本”|“工程物资”|“受托代销商品”|1|2|3|5||公共知识P213“存货”项目，应根据“材料采购”“原材料”“发出商品”“库存商品”“周转材料”“委托加工物资”“生产成本”“受托代销商品”等科目的期末余额合计，减去“受托代销商品款”“存货跌价准备”科目期末余额后的金额填列。|公共知识P213“存货”项目，应根据“材料采购”“原材料”“发出商品”“库存商品”“周转材料”“委托加工物资”“生产成本”“受托代销商品”等科目的期末余额合计，减去“受托代销商品款”“存货跌价准备”科目期末余额后的金额填列。
下列项目中，通过“其他应收款”核算的是（      ）。|备用金 |增值税出口退税|企业销售商品形成的应收取的款项|向职工收取的各种垫付款项|应收的各种赔款|1|2|4|5||公共知识P199企业销售商品形成的应收取的款项|公共知识P199企业销售商品形成的应收取的款项
某一般纳税人企业销售商品一批，开具增值税专用发票上注明的价款为100 000元，增值税销项税额17 000元，商品已发出，款项尚未收到，同时为销售该批商品发生运输费2 000元，取得增值税普通发票，运输费以银行存款支付。根据上述事项，应编制的会计分录为（    ）。|借：应收账款 117000 贷：主营业务收入 100000 应交税费——应交增值税（销项）17 000|借：应收票据 117000  贷：主营业务收入 100000  应交税费——应交增值税（销项）17000|借：销售费用 2000 贷：银行存款 2000|借：管理费用 2000 贷：银行存款 2000|借：应收账款 119000 贷：主营业务收入 100000 应交税费——应交增值税（销项）17000 银行存款                       2000|1|3||||公共知识P206、207（一）主营业务收入结转后该账户期末无余额。（二）主营业务成本结转后该账户期末无余额。三）税金及附加结转后期末无余额。（四）其他业务收入结转后期末无余额。（五）其他业务成本结转后期末无余额。（六）销售费用结转后期末无余额。|公共知识P206、207（一）主营业务收入结转后该账户期末无余额。（二）主营业务成本结转后该账户期末无余额。三）税金及附加结转后期末无余额。（四）其他业务收入结转后期末无余额。（五）其他业务成本结转后期末无余额。（六）销售费用结转后期末无余额。
计算机的硬件系统由（    ）组成|CPU|存储器|计数器|输出设备|输入设备|1|2|4|5||公共知识P215、216计算机的硬件系统由以下五部分组成。运算器 控制器 存储器 输入设备 输出设备|公共知识P215、216计算机的硬件系统由以下五部分组成。运算器 控制器 存储器 输入设备 输出设备
Word中，（    ）属于文本内容。|标尺|日期时间|网格线|特殊符号|数字符号|2|4|5|||公共知识P223文本包括汉字、英文字符、数字符号、特殊符号及日期时间等内容。|公共知识P223文本包括汉字、英文字符、数字符号、特殊符号及日期时间等内容。
Word的打印对话框中，用户可以设置（    ）。|页面缩进|打印份数|打印的页数|纸张大小|字体|2|3|4|||公共知识P225用户可以设置打印份数，打印的页数，以及纸张大小等，设置完成后，单击“打印”按钮即可进行打印。|公共知识P225用户可以设置打印份数，打印的页数，以及纸张大小等，设置完成后，单击“打印”按钮即可进行打印。
Excel中所有的公式都是以“＝”开始，它与数学公式的构成基本相同，也是由参与计算的参数和运算符组成。参与计算的参数可以是（   ）。|单元格地址|单元格名称|函数|空格|变量|1|2|3|5||公共知识P242Excel中所有的公式都是以“＝”开始，除此之外，它与数学公式的构成基本相同，也是由参与计算的参数和运算符组成。参与计算的参数可以是常量、变量、单元格地址、单元格名称和函数，但不允许出现空格。|公共知识P242Excel中所有的公式都是以“＝”开始，除此之外，它与数学公式的构成基本相同，也是由参与计算的参数和运算符组成。参与计算的参数可以是常量、变量、单元格地址、单元格名称和函数，但不允许出现空格。
以下哪些是金税三期工程总体业务架构的内容?（   ）|核心征管|纳税服务|外部信息交互|管理决策|行政管理|1|2|3|4|5|公共知识P254金税三期工程总体业务架构包括核心征管、纳税服务、外部信息交互、管理决策、税库银、行政管理。|公共知识P254金税三期工程总体业务架构包括核心征管、纳税服务、外部信息交互、管理决策、税库银、行政管理。
在使用税务系统网络过程中，以下哪些行为是正确的?（    ）|禁止将内网机连接互联网|交换工作文件可以使用个人U盘|所有工作用机必须设置开机口令，且口令长度不得小于4位|禁止将手机、充电宝等智能设备连接到内网机|非税务工作人员使用内部网络必须经许可|1|4|5|||公共知识P251“四禁止、三不准、三必须”四禁止:1.禁止用非涉密机处理或保存涉密文件。2.禁止将内网机连接互联网。3.禁止将手机、充电宝等智能设备连接到内网机。4.禁止在外网上处理和存放内部文件资料。三不准:1. 非工作笔记本电脑不准与内网连接。2. 移动存储介质不准未经处理在内、外网之间交叉使用。3. 交换工作文件不准使用个人U盘。三必须：1.所有工作用机必须设置开机口令，且口令长度不得小于8位。2.所有保密设备必须粘贴保密标识。3.非税务工作人员使用内部网络必须经许可。|公共知识P251“四禁止、三不准、三必须”四禁止:1.禁止用非涉密机处理或保存涉密文件。2.禁止将内网机连接互联网。3.禁止将手机、充电宝等智能设备连接到内网机。4.禁止在外网上处理和存放内部文件资料。三不准:1. 非工作笔记本电脑不准与内网连接。2. 移动存储介质不准未经处理在内、外网之间交叉使用。3. 交换工作文件不准使用个人U盘。三必须：1.所有工作用机必须设置开机口令，且口令长度不得小于8位。2.所有保密设备必须粘贴保密标识。3.非税务工作人员使用内部网络必须经许可。
上海市国家税务局关于发布《纳税人跨区（县）提供建筑服务增值税征收管理操作办法（试行）》的公告（上海市国家税务局公告2016年第3号）适用以下（      ）情形。|外省市纳税人在本市提供建筑服务|本市纳税人在本市跨区县提供建筑服务|本市纳税人在外省市提供建筑服务|本市纳税人在本市区县内提供建筑服务|其他个人跨区（县）提供建筑服务|1|2|3|||公共知识P265　单位和个体工商户（以下简称纳税人）在其机构所在地以外的区（县）提供建筑服务适用本办法。包括外省市纳税人在本市提供建筑服务、本市纳税人在本市跨区县提供建筑服务、本市纳税人在外省市提供建筑服务。|公共知识P265　单位和个体工商户（以下简称纳税人）在其机构所在地以外的区（县）提供建筑服务适用本办法。包括外省市纳税人在本市提供建筑服务、本市纳税人在本市跨区县提供建筑服务、本市纳税人在外省市提供建筑服务。
依据《国家税务总局关于全面开展企业所得税重点税源和高风险事项团队管理工作的通知》（税总函[2016]148号），风险管理团队主要工作包括（      ）。|研究、设计、修改企业所得税风险指标  |研究企业所得税纳税申报表，查找企业申报风险点 |根据税收征管和风险应对情况设计、修改企业所得税风险指标预警值|对部分重点税源企业和重要事项提出应对建议，跟踪、指导部分所得税风险应对工作  |研究、排查、识别企业所得税风险，推送风险点|1|3|4|5||公共知识P274一是研究、设计、修改企业所得税风险指标，根据税收征管和风险应对情况设计、修改企业所得税风险指标预警值；二是研究、排查、识别企业所得税风险，通过税务总局、省局两级税收风险管理平台推送风险点；三是对部分重点税源企业和重要事项提出应对建议，跟踪、指导部分所得税风险应对工作。|公共知识P274一是研究、设计、修改企业所得税风险指标，根据税收征管和风险应对情况设计、修改企业所得税风险指标预警值；二是研究、排查、识别企业所得税风险，通过税务总局、省局两级税收风险管理平台推送风险点；三是对部分重点税源企业和重要事项提出应对建议，跟踪、指导部分所得税风险应对工作。
依据《财政部 国家税务总局关于公益股权捐赠企业所得税政策问题的通知》（财税[2016]45号），下列说法正确的有（       ）。|企业向公益性社会团体实施的股权捐赠，应按规定视同转让股权，股权转让收入额以企业所捐赠股权的公允价值确定   |企业向公益性社会团体实施的股权捐赠，应按规定视同转让股权。所称的股权，是指企业持有的其他企业的股权，不包括上市公司股票   |企业实施股权捐赠后，以其股权历史成本为依据确定捐赠额|公益性社会团体接受股权捐赠后，应按照捐赠企业提供的股权历史成本开具捐赠票据  |股权捐赠行为，是指企业向中华人民共和国境内公益性社会团体实施的股权捐赠行为|3|4|5|||公共知识P276　一、企业向公益性社会团体实施的股权捐赠，应按规定视同转让股权，股权转让收入额以企业所捐赠股权取得时的历史成本确定。前款所称的股权，是指企业持有的其他企业的股权、上市公司股票等。二、企业实施股权捐赠后，以其股权历史成本为依据确定捐赠额，并依此按照企业所得税法有关规定在所得税前予以扣除。公益性社会团体接受股权捐赠后，应按照捐赠企业提供的股权历史成本开具捐赠票据。三、本通知所称公益性社会团体，是指注册在中华人民共和国境内，以发展公益事业为宗旨、且不以营利为目的，并经确定为具有接受捐赠税前扣除资格的基金会、慈善组织等公益性社会团体。四、本通知所称股权捐赠行为，是指企业向中华人民共和国境内公益性社会团体实施的股权捐赠行为。企业向中华人民共和国境外的社会组织或团体实施的股权捐赠行为不适用本通知规定。|公共知识P276　一、企业向公益性社会团体实施的股权捐赠，应按规定视同转让股权，股权转让收入额以企业所捐赠股权取得时的历史成本确定。前款所称的股权，是指企业持有的其他企业的股权、上市公司股票等。二、企业实施股权捐赠后，以其股权历史成本为依据确定捐赠额，并依此按照企业所得税法有关规定在所得税前予以扣除。公益性社会团体接受股权捐赠后，应按照捐赠企业提供的股权历史成本开具捐赠票据。三、本通知所称公益性社会团体，是指注册在中华人民共和国境内，以发展公益事业为宗旨、且不以营利为目的，并经确定为具有接受捐赠税前扣除资格的基金会、慈善组织等公益性社会团体。四、本通知所称股权捐赠行为，是指企业向中华人民共和国境内公益性社会团体实施的股权捐赠行为。企业向中华人民共和国境外的社会组织或团体实施的股权捐赠行为不适用本通知规定。
依据《财政部 国家税务总局 发展改革委工业和信息化部关于软件和集成电路产业企业所得税优惠政策有关问题的通知》（财税[2016]49号），下列属于集成电路生产企业可以享受企业所得税优惠政策应具备的条件有（      ）。|依法在中国境内成立并经认定取得集成电路生产企业资质的法人企业|汇算清缴年度集成电路制造销售（营业）收入占企业收入总额的比例不低于60% |具有与集成电路生产相适应的经营场所、软硬件设施等基本条件|汇算清缴年度未发生重大安全、重大质量事故或严重环境违法行为 |汇算清缴年度研究开发费用总额占企业销售（营业）收入（主营业务收入与其他业务收入之和）总额的比例不低于5％|2|4|5|||公共知识P277（三）拥有核心关键技术，并以此为基础开展经营活动，且汇算清缴年度研究开发费用总额占企业销售（营业）收入（主营业务收入与其他业务收入之和，下同）总额的比例不低于5%；其中，企业在中国境内发生的研究开发费用金额占研究开发费用总的比例不低于60%；（四）汇算清缴年度集成电路制造销售（营业）收入占企业收入总额的比例不低于60%；（六）汇算清缴年度未发生重大安全、重大质量事故或严重环境违法行为。|公共知识P277（三）拥有核心关键技术，并以此为基础开展经营活动，且汇算清缴年度研究开发费用总额占企业销售（营业）收入（主营业务收入与其他业务收入之和，下同）总额的比例不低于5%；其中，企业在中国境内发生的研究开发费用金额占研究开发费用总的比例不低于60%；（四）汇算清缴年度集成电路制造销售（营业）收入占企业收入总额的比例不低于60%；（六）汇算清缴年度未发生重大安全、重大质量事故或严重环境违法行为。
依据《关于修订印发《高新技术企业认定管理工作指引》的通知》（国科发火[2016]195号），高新技术产品（服务）收入是指企业通过研发和相关技术创新活动，取得的产品（服务）收入与技术性收入的总和。对企业取得上述收入发挥核心支持作用的技术应属于《技术领域》规定的范围。其中，技术性收入包括（     ）。|技术转让收入  |委托外部研发收入 |技术服务收入|接受委托研究开发收入  |企业技术创新成果通过技术贸易所获得的收入|1|3|4|5||公共知识P284（1）技术转让收入：指企业技术创新成果通过技术贸易、技术转让所获得的收入；（2）技术服务收入：指企业利用自己的人力、物力和数据系统等为社会和本企业外的用户提供技术资料、技术咨询与市场评估、工程技术项目设计、数据处理、测试分析及其他类型的服务所获得的收入；（3）接受委托研究开发收入：指企业承担社会各方面委托研究开发、中间试验及新产品开发所获得的收入。|公共知识P284（1）技术转让收入：指企业技术创新成果通过技术贸易、技术转让所获得的收入；（2）技术服务收入：指企业利用自己的人力、物力和数据系统等为社会和本企业外的用户提供技术资料、技术咨询与市场评估、工程技术项目设计、数据处理、测试分析及其他类型的服务所获得的收入；（3）接受委托研究开发收入：指企业承担社会各方面委托研究开发、中间试验及新产品开发所获得的收入。
自2016年7月1日起，全面推开资源税从价计征改革：对（       ）等21个税目由从量定额改为从价定率计征，计税依据由原矿销售量调整为原矿、精矿（或原矿加工品）、氯化钠初级产品或金锭的销售额；对未列举名称的其他金属矿和大多数非金属矿也将改为从价计征。为平衡原矿与精矿的资源税负担，相应增加了应税产品销售额换算或折算的政策规定。|铁矿 |金矿 |石墨 |海盐|钨矿|1|2|3|4||公共知识P291　1．对《资源税税目税率幅度表》（见附件）中列举名称的21种资源品目和未列举名称的其他金属矿实行从价计征，计税依据由原矿销售量调整为原矿、精矿（或原矿加工品）、氯化钠初级产品或金锭的销售额。列举名称的21种资源品目包括：铁矿、金矿、铜矿、铝土矿、铅锌矿、镍矿、锡矿、石墨、硅藻土、高岭土、萤石、石灰石、硫铁矿、磷矿、氯化钾、硫酸钾、井矿盐、湖盐、提取地下卤水晒制的盐、煤层（成）气、海盐。|公共知识P291　1．对《资源税税目税率幅度表》（见附件）中列举名称的21种资源品目和未列举名称的其他金属矿实行从价计征，计税依据由原矿销售量调整为原矿、精矿（或原矿加工品）、氯化钠初级产品或金锭的销售额。列举名称的21种资源品目包括：铁矿、金矿、铜矿、铝土矿、铅锌矿、镍矿、锡矿、石墨、硅藻土、高岭土、萤石、石灰石、硫铁矿、磷矿、氯化钾、硫酸钾、井矿盐、湖盐、提取地下卤水晒制的盐、煤层（成）气、海盐。
国家规划布局内的重点集成电路设计领域（        ）|高性能处理器和FPGA芯片，存储器芯片|物联网和信息安全芯片|EDA、IP及设计服务|工业芯片|IPO及设计服务|1|2|3|4||公共知识P297（一）高性能处理器和FPGA芯片。 （二）存储器芯片。 （三）物联网和信息安全芯片。 （四）EDA、IP及设计服务。 （五）工业芯片。|公共知识P297（一）高性能处理器和FPGA芯片。 （二）存储器芯片。 （三）物联网和信息安全芯片。 （四）EDA、IP及设计服务。 （五）工业芯片。
保险企业代个人保险代理人申请汇总代开增值税发票时，应向主管国税机关出具个人保险代理人的姓名、身份证号码、（      ）的详细清单。|联系方式|付款时间|付款金额|代征税款|家庭住址|1|2|3|4||公共知识P298保险企业代个人保险代理人申请汇总代开增值税发票时，应向主管国税机关出具个人保险代理人的姓名、身份证号码、联系方式、付款时间、付款金额、代征税款的详细清单。|公共知识P298保险企业代个人保险代理人申请汇总代开增值税发票时，应向主管国税机关出具个人保险代理人的姓名、身份证号码、联系方式、付款时间、付款金额、代征税款的详细清单。
依据《关于修订《企业政策性搬迁搬迁开始受理规程》的通知》（沪国税函[2016]96号上海市国家税务局 上海市地方税务局），办税服务厅受理备案时，应核对《登记表》填写内容是否与征收决定、附送资料一致，征收决定是否与住建委、规土局搬迁、征收信息一致。以下情况处理正确的有（     ）。|属于自搬迁开始年度（应当按照签订政策性搬迁合同、协议且资产交接时所属年度确认，下同）至次年5月31日前申报，且《登记表》、征收决定和附送资料一致的，税务机关应当受理   |在限定期限内未能补齐应当报送资料的，应当向纳税人发出《税务事项通知书（非政策性搬迁处理通知书）》，并书面通知核查部门按规定处理|属于自搬迁开始年度，至次年5月31日前申报，《登记表》、征收决定和附送资料不一致或不全的，应当向纳税人发出《税务事项通知书（非政策性搬迁处理通知书）》  |属于逾期申报且无特殊原因的，税务机关应当向纳税人发出《税务事项通知书（非政策性搬迁处理通知书）》，并书面通知核查部门按规定处理|属于逾期申报且无特殊原因的，税务机关应当向纳税人发出《税务事项通知书（非政策性搬迁处理通知书）》，并书面通知企业补税|1|2|4|||公共知识P300、301（一）属于自搬迁开始年度（应当按照签订政策性搬迁合同、协议且资产交接时所属年度确认，下同）至次年5月31日前申报，且《登记表》、征收决定和附送资料一致的，税务机关应当受理，在《登记表》中标注受理意见，注明日期，加盖受理专用印章，向纳税人提供《告知书及其留存备查资料清单》。其中，属于资产置换且不收取补价的应当同时发起清算流程。（二）属于自搬迁开始年度，至次年5月31日前申报，《登记表》、征收决定和附送资料不一致或不全的，应当向纳税人发出《税务事项通知书（补正通知）》。企业对《登记表》及附送资料补充更正后符合规定的，应当按照（一）进行处理；在限定期限内未能补齐应当报送资料的，应当向纳税人发出《税务事项通知书（非政策性搬迁处理通知书）》，并书面通知核查部门按规定处理。（三）属于逾期申报且无特殊原因的，税务机关应当向纳税人发出《税务事项通知书（非政策性搬迁处理通知书）》，并书面通知核查部门按规定处理。属于逾期申报但确有特殊原因的，纳税人应当补充提供经征管部门确认的证明材料。（四）搬迁开始年度企业实行核定征收的，税务机关应当向纳税人发出《税务事项通知书（非政策性搬迁处理通知书）》，并书面通知核查部门按规定处理。|公共知识P300、301（一）属于自搬迁开始年度（应当按照签订政策性搬迁合同、协议且资产交接时所属年度确认，下同）至次年5月31日前申报，且《登记表》、征收决定和附送资料一致的，税务机关应当受理，在《登记表》中标注受理意见，注明日期，加盖受理专用印章，向纳税人提供《告知书及其留存备查资料清单》。其中，属于资产置换且不收取补价的应当同时发起清算流程。（二）属于自搬迁开始年度，至次年5月31日前申报，《登记表》、征收决定和附送资料不一致或不全的，应当向纳税人发出《税务事项通知书（补正通知）》。企业对《登记表》及附送资料补充更正后符合规定的，应当按照（一）进行处理；在限定期限内未能补齐应当报送资料的，应当向纳税人发出《税务事项通知书（非政策性搬迁处理通知书）》，并书面通知核查部门按规定处理。（三）属于逾期申报且无特殊原因的，税务机关应当向纳税人发出《税务事项通知书（非政策性搬迁处理通知书）》，并书面通知核查部门按规定处理。属于逾期申报但确有特殊原因的，纳税人应当补充提供经征管部门确认的证明材料。（四）搬迁开始年度企业实行核定征收的，税务机关应当向纳税人发出《税务事项通知书（非政策性搬迁处理通知书）》，并书面通知核查部门按规定处理。
依据《财政部 国家税务总局 关于完善股权激励和技术入股有关所得税政策的通知》（财税[2016]101），非上市公司授予本公司员工的（     ），符合规定条件的，经向主管税务机关备案，可实行递延纳税政策。|股票认购权  |股权奖励|股权期权|限制性股票|股票期权|2|3|4|5||公共知识P303非上市公司授予本公司员工的股票期权、股权期权、限制性股票和股权奖励，符合规定条件的，经向主管税务机关备案，可实行递延纳税政策，即员工在取得股权激励时可暂不纳税，递延至转让该股权时纳税；股权转让时，按照股权转让收入减除股权取得成本以及合理税费后的差额，适用“财产转让所得”项目，按照20%的税率计算缴纳个人所得税。 |公共知识P303非上市公司授予本公司员工的股票期权、股权期权、限制性股票和股权奖励，符合规定条件的，经向主管税务机关备案，可实行递延纳税政策，即员工在取得股权激励时可暂不纳税，递延至转让该股权时纳税；股权转让时，按照股权转让收入减除股权取得成本以及合理税费后的差额，适用“财产转让所得”项目，按照20%的税率计算缴纳个人所得税。 
依据《财政部 国家税务总局 关于完善股权激励和技术入股有关所得税政策的通知》（财税[2016]101），对符合条件的非上市公司股票期权、股权期权、限制性股票和股权奖励实行递延纳税政策股权转让时，下列关于成本的说法正确的有（     ）。|股票期权取得成本按行权价确定  |限制性股票取得成本为零  |股权期权取得成本按股权原值确定  |股权奖励取得成本为零|股权奖励取得成本按行权价确定|1|4||||公共知识P303股权转让时，股票（权）期权取得成本按行权价确定，限制性股票取得成本按实际出资额确定，股权奖励取得成本为零。|公共知识P303股权转让时，股票（权）期权取得成本按行权价确定，限制性股票取得成本按实际出资额确定，股权奖励取得成本为零。
被评定为一类出口企生产企业应同时符合下列条件（     ）|企业的生产能力与上一年度申报出口退（免）税规模相匹配|近3年（含评定当年）未发生过虚开增值税专用发票或者其他增值税扣税凭证、骗取出口退税行为|上一年度的年末净资产大于上一年度该企业已办理的出口退税额（不含免抵税额）|评定时纳税信用级别为A级或B级|评定当年的前近3年未发生过虚开增值税专用发票或者其他增值税扣税凭证、骗取出口退税行为|1|2|3|4||公共知识P305  1.企业的生产能力与上一年度申报出口退（免）税规模相匹配。2.近3年（含评定当年，下同）未发生过虚开增值税专用发票或者其他增值税扣税凭证、骗取出口退税行为。3.上一年度的年末净资产大于上一年度该企业已办理的出口退税额（不含免抵税额）。4.评定时纳税信用级别为A级或B级。5.企业内部建立了较为完善的出口退（免）税风险控制体系。|公共知识P305  1.企业的生产能力与上一年度申报出口退（免）税规模相匹配。2.近3年（含评定当年，下同）未发生过虚开增值税专用发票或者其他增值税扣税凭证、骗取出口退税行为。3.上一年度的年末净资产大于上一年度该企业已办理的出口退税额（不含免抵税额）。4.评定时纳税信用级别为A级或B级。5.企业内部建立了较为完善的出口退（免）税风险控制体系。
具有下列（   ）情形之一的出口企业，其出口企业管理类别应评定为三类：|自首笔申报出口退（免）税之日起至评定时未满12个月。|尚未评价纳税信用级别。|上一年度累计6个月以上未申报出口退（免）税（从事对外援助、对外承包、境外投资业务的，以及出口季节性商品或出口生产周期较长的大型设备的出口企业除外）。|上一年度发生过违反出口退（免）税有关规定的情形，但尚未达到税务机关行政处罚标准或司法机关处理标准的。|评定时纳税信用级别为D级|1|2|3|4||公共知识P306（一）自首笔申报出口退（免）税之日起至评定时未满12个月。（二）评定时纳税信用级别为C级，或尚未评价纳税信用级别。（三）上一年度累计6个月以上未申报出口退（免）税（从事对外援助、对外承包、境外投资业务的，以及出口季节性商品或出口生产周期较长的大型设备的出口企业除外）。（四）上一年度发生过违反出口退（免）税有关规定的情形，但尚未达到税务机关行政处罚标准或司法机关处理标准的。（五）存在省国家税务局规定的其他失信或风险情形。|公共知识P306（一）自首笔申报出口退（免）税之日起至评定时未满12个月。（二）评定时纳税信用级别为C级，或尚未评价纳税信用级别。（三）上一年度累计6个月以上未申报出口退（免）税（从事对外援助、对外承包、境外投资业务的，以及出口季节性商品或出口生产周期较长的大型设备的出口企业除外）。（四）上一年度发生过违反出口退（免）税有关规定的情形，但尚未达到税务机关行政处罚标准或司法机关处理标准的。（五）存在省国家税务局规定的其他失信或风险情形。
关联交易主要包括：（    ）|有形资产使用权或者所有权的转让|金融资产的转让|无形资产使用权或者所有权的转让|资金融通|劳务交易|1|2|3|4|5|公共知识P314（一）有形资产使用权或者所有权的转让。（二）金融资产的转让。（三）无形资产使用权或者所有权的转让。（四）资金融通。（五）劳务交易。|公共知识P314（一）有形资产使用权或者所有权的转让。（二）金融资产的转让。（三）无形资产使用权或者所有权的转让。（四）资金融通。（五）劳务交易。
有下列情形之一的，税务机关可以拒绝企业提交正式申请：（   ）|预约定价安排申请草案拟采用的定价原则和计算方法不合理，且企业拒绝协商调整；|企业拒不提供有关资料或者提供的资料不符合税务机关要求，且不按时补正或者更正；|企业拒不配合税务机关进行功能和风险实地访谈；|其他不适合谈签预约定价安排的情况。|预约定价安排申请草案拟采用的定价原则和计算方法不合理，但企业同意协商调整|1|2|3|4||公共知识P311  1.预约定价安排申请草案拟采用的定价原则和计算方法不合理，且企业拒绝协商调整；2.企业拒不提供有关资料或者提供的资料不符合税务机关要求，且不按时补正或者更正；3.企业拒不配合税务机关进行功能和风险实地访谈；4.其他不适合谈签预约定价安排的情况。|公共知识P311  1.预约定价安排申请草案拟采用的定价原则和计算方法不合理，且企业拒绝协商调整；2.企业拒不提供有关资料或者提供的资料不符合税务机关要求，且不按时补正或者更正；3.企业拒不配合税务机关进行功能和风险实地访谈；4.其他不适合谈签预约定价安排的情况。
为加强土地增值税规范化管理，税务总局决定修订土地增值税纳税申报表。修订的主要内容为（         ）|增加《土地增值税项目登记表》；                        |在《土地增值税纳税申报表（二）》和《土地增值税纳税申报表（五）》中增加“代收费用”栏次；|调整收入项目名称，在《土地增值税纳税申报表（一）》中增加“视同销售收入”数据列                   |在《土地增值税纳税申报表（二）》中取消“营业税”栏次|在《土地增值税纳税申报表（二）》、《土地增值税纳税申报表（四）》、《土地增值税纳税申报表（五）》和《土地增值税纳税申报表（六）》中调整转让收入栏次，增加“视同销售收入”指标。      |1|2|3|5||公共知识P319（一）在《土地增值税纳税申报表（二）》和《土地增值税纳税申报表（五）》中增加“代收费用”栏次。（二）调整收入项目名称，在《土地增值税纳税申报表（一）》中增加“视同销售收入”数据列，在《土地增值税纳税申报表（二）》、《土地增值税纳税申报表（四）》、《土地增值税纳税申报表（五）》和《土地增值税纳税申报表（六）》中调整转让收入栏次，增加“视同销售收入”指标。　|公共知识P319（一）在《土地增值税纳税申报表（二）》和《土地增值税纳税申报表（五）》中增加“代收费用”栏次。（二）调整收入项目名称，在《土地增值税纳税申报表（一）》中增加“视同销售收入”数据列，在《土地增值税纳税申报表（二）》、《土地增值税纳税申报表（四）》、《土地增值税纳税申报表（五）》和《土地增值税纳税申报表（六）》中调整转让收入栏次，增加“视同销售收入”指标。　
走逃（失联）企业存续经营期间发生下列（      ）情形之一的，所对应属期开具的增值税专用发票列入异常增值税扣税凭证范围。|商贸企业购进、销售货物名称严重背离的|生产企业无实际生产加工能力且无委托加工，或生产能耗与销售情况严重不符，或购进货物并不能直接生产其销售的货物且无委托加工的|直接走逃失踪不纳税申报|虽然申报但通过填列增值税纳税申报表相关栏次，规避税务机关审核比对，进行虚假申报的||1|2|3|4||公共知识P321  1.商贸企业购进、销售货物名称严重背离的；生产企业无实际生产加工能力且无委托加工，或生产能耗与销售情况严重不符，或购进货物并不能直接生产其销售的货物且无委托加工的。2.直接走逃失踪不纳税申报，或虽然申报但通过填列增值税纳税申报表相关栏次，规避税务机关审核比对，进行虚假申报的。 |公共知识P321  1.商贸企业购进、销售货物名称严重背离的；生产企业无实际生产加工能力且无委托加工，或生产能耗与销售情况严重不符，或购进货物并不能直接生产其销售的货物且无委托加工的。2.直接走逃失踪不纳税申报，或虽然申报但通过填列增值税纳税申报表相关栏次，规避税务机关审核比对，进行虚假申报的。 
全国增值税发票查验平台（https://inv－veri.chinatax.gov.cn），可以对以下新系统开具的（      ）的发票信息进行查验。|增值税专用发票|增值税普通发票|机动车销售统一发票|增值税电子普通发票||1|2|3|4||公共知识P322、323取得增值税发票的单位和个人可登陆全国增值税发票查验平台（https://inv－veri.chinatax.gov.cn），对新系统开具的增值税专用发票、增值税普通发票、机动车销售统一发票和增值税电子普通发票的发票信息进行查验。单位和个人通过网页浏览器首次登录平台时，应下载安装根证书文件，查看平台提供的发票查验操作说明。|公共知识P322、323取得增值税发票的单位和个人可登陆全国增值税发票查验平台（https://inv－veri.chinatax.gov.cn），对新系统开具的增值税专用发票、增值税普通发票、机动车销售统一发票和增值税电子普通发票的发票信息进行查验。单位和个人通过网页浏览器首次登录平台时，应下载安装根证书文件，查看平台提供的发票查验操作说明。
依据《关于生产和装配伤残人员专门用品企业免征企业所得税的通知》（财税[2016]111号），生产和装配伤残人员专门用品的企业征免企业所得税应符合的条件的有（     ）。|属于居民企业   |企业拥有假肢制作师、矫形器制作师资格证书的专业技术人员不得少于1人|以销售本企业生产或者装配的伤残人员专门用品为主，其所取得的年度伤残人员专门用品销售收入（不含出口取得的收入）占企业收入总额50%以上  |以销售本企业生产或者装配的伤残人员专门用品为主，其所取得的年度伤残人员专门用品销售收入（含出口取得的收入）占企业收入总额60％以上|具有独立的接待室、假肢或者矫形器（辅助器具）制作室和假肢功能训练室，使用面积不少于115平方米|1|2|5|||公共知识P324　一、自2016年1月1日至2020年12月31日期间，对符合下列条件的居民企业，免征企业所得税： 4、企业拥有假肢制作师、矫形器制作师资格证书的专业技术人员不得少于1人；6、具有独立的接待室、假肢或者矫形器（辅助器具）制作室和假肢功能训练室，使用面积不少于115平方米。 |公共知识P324　一、自2016年1月1日至2020年12月31日期间，对符合下列条件的居民企业，免征企业所得税： 4、企业拥有假肢制作师、矫形器制作师资格证书的专业技术人员不得少于1人；6、具有独立的接待室、假肢或者矫形器（辅助器具）制作室和假肢功能训练室，使用面积不少于115平方米。 
依据《关于保险公司准备金支出企业所得税税前扣除有关政策问题的通知》（财税[2016]114号），保险公司按国务院财政部门的相关规定提取的（     ），准予在税前扣除。|未到期责任准备金   |已发生已报案的赔偿款|已发生未报案未决赔款准备金|长期健康险责任准备金|寿险责任准备金|1|3|4|5||公共知识P325  1.未到期责任准备金、寿险责任准备金、长期健康险责任准备金依据经中国保监会核准任职资格的精算师或出具专项审计报告的中介机构确定的金额提取。 2.已发生已报案未决赔款准备金，按最高不超过当期已经提出的保险赔款或者给付金额的100%提取；|公共知识P325  1.未到期责任准备金、寿险责任准备金、长期健康险责任准备金依据经中国保监会核准任职资格的精算师或出具专项审计报告的中介机构确定的金额提取。 2.已发生已报案未决赔款准备金，按最高不超过当期已经提出的保险赔款或者给付金额的100%提取；
依据《关于企业所得税有关问题的公告》（国家税务总局公告2016年第80号），以下说法正确的有（      ）。|企业发生《国家税务总局关于企业处置资产所得税处理问题的通知》（国税函[2008]828号）第二条所述情形的，应按照被移送资产的公允价值确认销售收入   |企业职工因公出差乘坐交通工具发生的人身意外保险费支出，企业在计算应纳税所得额时不予扣除|企业发生《国家税务总局关于企业处置资产所得税处理问题的通知》（国税函[2008]828号）第二条所述情形的，应按照被移送资产的账面价值确认销售收入|企业职工因公出差乘坐交通工具发生的人身意外保险费支出，准予企业在计算应纳税所得额时扣除|企业职工因公出差期间发生的家庭财产保险费支出，准予企业在计算应纳税所得额时扣除|1|4||||公共知识P326　一、关于企业差旅费中人身意外保险费支出税前扣除问题 企业职工因公出差乘坐交通工具发生的人身意外保险费支出，准予企业在计算应纳税所得额时扣除。二、企业移送资产所得税处理问题 企业发生《国家税务总局关于企业处置资产所得税处理问题的通知》（国税函〔2008〕828号）第二条规定情形的，除另有规定外，应按照被移送资产的公允价值确定销售收入。|公共知识P326　一、关于企业差旅费中人身意外保险费支出税前扣除问题 企业职工因公出差乘坐交通工具发生的人身意外保险费支出，准予企业在计算应纳税所得额时扣除。二、企业移送资产所得税处理问题 企业发生《国家税务总局关于企业处置资产所得税处理问题的通知》（国税函〔2008〕828号）第二条规定情形的，除另有规定外，应按照被移送资产的公允价值确定销售收入。
依据《关于房地产开发企业土地增值税清算涉及企业所得税退税有关问题的公告》（国家税务总局公告2016年第81号），以下说法正确的有（     ）。|企业按规定对开发项目进行土地增值税清算后，如当年企业所得税汇算清缴出现亏损，则该亏损应按照税法规定向以后年度结转，用以后年度所得弥补      |企业按规定对开发项目进行土地增值税清算后，当年企业所得税汇算清缴出现亏损，且没有后续开发项目的，可以按照一定方法，计算出该项目由于土地增值税原因导致的项目开发各年度多缴企业所得税税款，并申请退税     |房地产开发企业在申请退税时，应向主管税务机关提供书面材料说明应退企业所得税款的计算过程 |《公告》发布执行前已经进行土地增值税清算，不适用本《公告》 | 按项目销售收入占比计算分摊土地增值税，所称销售收入包括视同销售房地产的收入，不扣减企业销售的增值额未超过扣除项目金额20％的普通标准住宅的销售收入|2|3||||公共知识P327  二、企业按规定对开发项目进行土地增值税清算后，当年企业所得税汇算清缴出现亏损，且没有后续开发项目的，可以按照以下方法，计算出该项目由于土地增值税原因导致的项目开发各年度多缴企业所得税税款，并申请退税：三、企业在申请退税时，应向主管税务机关提供书面材料说明应退企业所得税款的计算过程，包括该项目缴纳的土地增值税总额、项目销售收入总额、项目年度销售收入额、各年度应分摊的土地增值税和已经税前扣除的土地增值税、各年度的适用税率，以及是否存在后续开发项目等情况|公共知识P327  二、企业按规定对开发项目进行土地增值税清算后，当年企业所得税汇算清缴出现亏损，且没有后续开发项目的，可以按照以下方法，计算出该项目由于土地增值税原因导致的项目开发各年度多缴企业所得税税款，并申请退税：三、企业在申请退税时，应向主管税务机关提供书面材料说明应退企业所得税款的计算过程，包括该项目缴纳的土地增值税总额、项目销售收入总额、项目年度销售收入额、各年度应分摊的土地增值税和已经税前扣除的土地增值税、各年度的适用税率，以及是否存在后续开发项目等情况
《印花税管理规程（试行）》适用于印花税（      ）等事项，其他管理事项按照有关规定执行。|税源管理、奖励        |税款征收|减免税和退税管理      |风险管理|证券交易印花税征收管理|2|3|4|||公共知识P329、330　第二章 税源管理 第三章 税款征收 第四章 减免税和退税管理 第五章 风险管理|公共知识P329、330　第二章 税源管理 第三章 税款征收 第四章 减免税和退税管理 第五章 风险管理
按照《国家税务总局关于发布〈委托代征管理办法〉的公告》（国家税务总局公告2013年第24号有关规定，可委托银行、保险、工商、房地产管理等有关部门，代征（         ）等的印花税。|借款合同|人寿保险合同|权利许可证照|产权转移书据|建设工程承包合同|1|3|4|5||公共知识P330第十八条 税务机关根据印花税征收管理的需要，本着既加强源泉控管，又方便纳税人的原则，，可委托银行、保险、工商、房地产管理等有关部门，代征借款合同、财产保险合同、权利许可证照、产权转移书据、建设工程承包合同等的印花税。|公共知识P330第十八条 税务机关根据印花税征收管理的需要，本着既加强源泉控管，又方便纳税人的原则，，可委托银行、保险、工商、房地产管理等有关部门，代征借款合同、财产保险合同、权利许可证照、产权转移书据、建设工程承包合同等的印花税。
印花税实行减免税备案管理，减免税备案资料应当包括：（         ）|纳税人减免税备案登记表|《登记簿》复印件|减免税依据的相关法律、法规规定的其他资料|《登记簿》原件|印花税申报表|1|2|3|||公共知识P330（一）纳税人减免税备案登记表；（二）《登记簿》复印件；（三）减免税依据的相关法律、法规规定的其他资料。|公共知识P330（一）纳税人减免税备案登记表；（二）《登记簿》复印件；（三）减免税依据的相关法律、法规规定的其他资料。
依据《关于转发《国家税务总局关于进一步做好企业研究开发费用税前加计扣除政策贯彻落实工作的通知》的通知》（沪国税函[2017]5号），以下说法正确的有（    ）。|各征管分局在落实加计扣除优惠政策时，应以核实企业享受2016年度优惠的有关情况为基准，原则上不核实以前年度有关情况|对纳税人反映的相关问题和投诉，各征管分局一般应当在接到问题和投诉后的10个工作日内予以解决|如企业2016年度未及时申报享受加计扣除优惠政策，可在以后5年内追溯享受|如企业申报享受加计扣除优惠政策，但账证不健全、资料不齐全或适用优惠政策不准确的，各征管分局要积极做好辅导解释工作，帮助企业建账建制，补充资料，确保企业享受加计扣除优惠政策|企业申报享受加计扣除优惠政策，但账证不健全，一律不得享受加计扣除政策|1|2|4|||公共知识P335：如企业2016年度未及时申报享受加计扣除优惠政策，可在以后3年内追溯享受。P335：如企业申报享受加计扣除优惠政策，但账证不健全、资料不齐全或适用优惠政策不准确的，各征管分局要积极做好辅导解释工作的同时，指导企业按政策要求建账建制、准备并妥善保管留存备查资料，并积极运用已与科技部门建立的沟通协调机制，确保符合条件的企业享受加计扣除优惠政策。|公共知识P335：如企业2016年度未及时申报享受加计扣除优惠政策，可在以后3年内追溯享受。P335：如企业申报享受加计扣除优惠政策，但账证不健全、资料不齐全或适用优惠政策不准确的，各征管分局要积极做好辅导解释工作的同时，指导企业按政策要求建账建制、准备并妥善保管留存备查资料，并积极运用已与科技部门建立的沟通协调机制，确保符合条件的企业享受加计扣除优惠政策。
依据《关于印发《技术入股递延纳税有关企业所得税受理事项管理规程（试行）》的通知》（沪国税函[2017]4号），纳税人需留存备查的资料包括（    ）。|技术成果相关证书或证明材料|技术成果投资入股协议|《技术成果投资入股企业所得税递延纳税备案表》|技术成果计税基础相关资料|技术成果评估报告|1|2|4|5||公共知识P335：八、其他事项：纳税人需将下列资料留存备查　　1．技术成果相关证书或证明材料　　2．技术成果投资入股协议　　3．技术成果评估报告　　4．技术成果计税基础相关资料　　5．与被投资方是否为关联方关系的股权关系说明|公共知识P335：八、其他事项：纳税人需将下列资料留存备查　　1．技术成果相关证书或证明材料　　2．技术成果投资入股协议　　3．技术成果评估报告　　4．技术成果计税基础相关资料　　5．与被投资方是否为关联方关系的股权关系说明
依据《上海市国家税务局上海市地方税务局关于做好2016年度本市居民企业所得税汇算清缴工作的通知》（沪国税函[2017]15号），下列说法正确的有（    ）。|纳税人因不可抗力，无法在申报期内办理年度纳税申报或备齐年度纳税申报资料的，可按照征管法的规定，办理延期纳税申报|对于符合查账征收条件的纳税人，应在当年企业所得税汇算清缴之前及时调整征收方式，实行查账征收|税务机关应加强对享受研发费用加计扣除优惠企业的后续管理和监督检查。每年汇算清缴结束后应开展核查，检查面不得低于享受该优惠企业户数的10%   |分局要积极利用信息手段及时监控纳税人汇算清缴申报情况，发现申报错误和疑点的，应及时告知纳税人进行更正申报|纳税人自行判断符合税收优惠政策规定条件的，在企业所得税年度纳税申报之前到主管税务机关履行备案手续|1|2|4|5||公共知识P340:税务机关应加强对享受研发费用加计扣除优惠企业的后续管理和监督检查。每年汇算清缴结束后应开展核查，检查面不得低于享受该优惠企业户数的20%。|公共知识P340:税务机关应加强对享受研发费用加计扣除优惠企业的后续管理和监督检查。每年汇算清缴结束后应开展核查，检查面不得低于享受该优惠企业户数的20%。
依据依据《关于本市残疾、孤老人员和烈属继续实行劳动所得定额减征个人所得税政策的通知》（沪财发[2017]1号），下列所得中属于残疾、孤老人员和烈属可享受定额减征个人所得税的有（   ）。|特许权使用费所得|稿酬所得|财产转让所得|工资薪金所得|利息所得|1|2|4|||公共知识P340:残疾、孤老人员和烈属可享受定额减征个人所得税的劳动所得是指：工资薪金所得、个体工商户的生产和经营所得、对企事业单位的承包和承租经营所得、劳务报酬所得、稿酬所得、特许权使用费所得。|公共知识P340:残疾、孤老人员和烈属可享受定额减征个人所得税的劳动所得是指：工资薪金所得、个体工商户的生产和经营所得、对企事业单位的承包和承租经营所得、劳务报酬所得、稿酬所得、特许权使用费所得。
依据《关于本市残疾、孤老人员和烈属继续实行劳动所得定额减征个人所得税政策的通知》（沪财发[2017]1号），以下说法正确的有（   ）。|残疾、孤老人员和烈属可享受定额减征个人所得税的劳动所得是指，工资薪金所得、个体工商户的生产和经营所得、对企事业单位的承包和承租经营所得、劳务报酬所得、财产转让所得、特许权使用费所得|本市残疾、孤老人员和烈属劳动所得个人所得税减征幅度自2017年1月1日起提高至每年减征4500元|本市残疾、孤老人员和烈属所取得的劳动所得，经批准可减征个人所得税的政策执行期限继续延长三年，即：从2017年1月1日起至2019年12月31日止|对同一个纳税人，在一个纳税年度内，取得可以减征的劳动所得，其全年减征个人所得税的税款总额不超过5640元|残疾、孤老人员和烈属可享受定额减征个人所得税的劳动所得是指，工资薪金所得、个体工商户的生产和经营所得、对企事业单位的承包和承租经营所得、劳务报酬所得、稿酬所得、特许权使用费所得|3|4|5|||公共知识P340:残疾、孤老人员和烈属可享受定额减征个人所得税的劳动所得是指：工资薪金所得、个体工商户的生产和经营所得、对企事业单位的承包和承租经营所得、劳务报酬所得、稿酬所得、特许权使用费所得。本市残疾、孤老人员和烈属劳动所得个人所得税减征幅度自2017年1月1日起提高至每年减征5640元。|公共知识P340:残疾、孤老人员和烈属可享受定额减征个人所得税的劳动所得是指：工资薪金所得、个体工商户的生产和经营所得、对企事业单位的承包和承租经营所得、劳务报酬所得、稿酬所得、特许权使用费所得。本市残疾、孤老人员和烈属劳动所得个人所得税减征幅度自2017年1月1日起提高至每年减征5640元。
依据《关于本市残疾、孤老人员和烈属继续实行劳动所得定额减征个人所得税政策的通知》（沪财发[2017]1号），下列所得中属于残疾、孤老人员和烈属可享受定额减征个人所得税的有（   ）。|劳务报酬所得|股息所得|财产租赁所得|特许权使用费所得|偶然所得|1|4||||公共知识P340:残疾、孤老人员和烈属可享受定额减征个人所得税的劳动所得是指：工资薪金所得、个体工商户的生产和经营所得、对企事业单位的承包和承租经营所得、劳务报酬所得、稿酬所得、特许权使用费所得。|公共知识P340:残疾、孤老人员和烈属可享受定额减征个人所得税的劳动所得是指：工资薪金所得、个体工商户的生产和经营所得、对企事业单位的承包和承租经营所得、劳务报酬所得、稿酬所得、特许权使用费所得。
依据《关于印发《股权激励与技术入股有关个人所得税受理事项管理规程（试行）》的通知》（沪地税函[2017]3号），扣缴义务人所属行业：选择“一般行业”或“特定行业月份申报”，按照税法及其实施条例规定，特定行业，是指（   ）以及国务院财政、税务主管部门确定的其他行业。|建筑业|远洋运输业|采掘业|远洋捕捞业|热力供应企业|2|3|4|||公共知识中并无答案，《最新税收政策汇编与解读（2017年1月-3月》P103：特定行业，是指采掘业，远洋运输业，远洋捕捞业以及国务院财政、税务主管部门确定的其他行业。|公共知识中并无答案，《最新税收政策汇编与解读（2017年1月-3月》P103：特定行业，是指采掘业，远洋运输业，远洋捕捞业以及国务院财政、税务主管部门确定的其他行业。
依据《关于做好2016年度本市个体工商户及个人独资企业和合伙企业投资者个人所得税汇算清缴工作的通知》（沪地税函[2017]5号），以下说法正确的有（   ）。|本通知适用于本市实行查账征收的个体工商户以及个人独资企业和合伙企业投资者|在中国境内两处或两处以上取得“个体工商户的生产、经营所得”的个体工商户以及个人独资企业和合伙企业投资者，应在2017年3月31日前选定一个企业所在地主管税务机关报送《个人所得税生产经营所得纳税申报表（C）表》，并附所有企业年度会计报表|投资者兴办的企业全部是个人独资性质的，分别向各企业的实际经营管理所在地主管税务机关办理年度纳税申报，并依所有企业的经营所得总额确定适用税率，以本企业的经营所得为基础，计算应缴税款|各税务分局应在2016年5月31日前完成个人所得税年度汇算清缴工作|投资者兴办的企业中含有合伙性质的，投资者应向经常居住地主管税务机关办理《个人所得税生产经营所得纳税申报表（C表）》申报|1|2|3|5||公共知识P343:各税务分局应在2017年4月17日前完成个人所得税年度汇算清缴工作.|公共知识P343:各税务分局应在2017年4月17日前完成个人所得税年度汇算清缴工作.
依据《关于印发《残疾、孤老人员和烈属定额减征个人所得税申报受理事项操作规程（试行）》的通知》（沪地税函[2017]18号），下列说法正确的有（   ）。|全年应纳个人所得税税额超过规定减征定额，超过部分予以退还|全年应纳个人所得税税额超过规定减征定额，但实际减征税款不足减征定额的，其未享受足的定额减征税款部分予以退还|全年应纳个人所得税税额不足规定减征定额，不足部分予以退还|全年应纳个人所得税税额不足规定减征定额，其实际已缴的税款予以退还|在纳税人缴清年度应纳税款后的三个月内，由主管税务机关受理纳税人的退税申请|2|4|5|||公共知识P346：对有下列情形的纳税人，可在缴清年度应纳税款后的三个月内，由主管税务机关受理纳税人的退税申请：　　1. 全年应纳个人所得税税额超过规定减征定额，但实际减征税款不足减征定额的，其未享受足的定额减征税款部分予以退还；　　2. 全年应纳个人所得税税额不足规定减征定额，其实际已缴的税款予以退还。|公共知识P346：对有下列情形的纳税人，可在缴清年度应纳税款后的三个月内，由主管税务机关受理纳税人的退税申请：　　1. 全年应纳个人所得税税额超过规定减征定额，但实际减征税款不足减征定额的，其未享受足的定额减征税款部分予以退还；　　2. 全年应纳个人所得税税额不足规定减征定额，其实际已缴的税款予以退还。
有下列情形（    ）之一的，可向主管税务机关提出城镇土地使用税困难减免申请。|资产不足清偿全部或者到期债务且已依法进入破产程序，其土地闲置不用的|因歇业、改制等原因（除依法被吊销营业执照、责令关闭或者被撤销外）按规定已进入清算程序，其土地闲置不用的|因受自然灾害影响无法维持正常经营活动，发生亏损的|执行政府定价、承担公益职能，发生亏损的|经认定的高新技术企业，发生亏损的|1|2|3|4||公共知识P355：有下列情形之一的，可向主管税务机关提出城镇土地使用税困难减免申请：　　（一）资产不足清偿全部或者到期债务且已依法进入破产程序，其土地闲置不用的；（二）因歇业、改制等原因（除依法被吊销营业执照、责令关闭或者被撤销外）按规定已进入清算程序，其土地闲置不用的；（三）因受自然灾害影响无法维持正常经营活动，发生亏损的；（四）执行政府定价、承担公益职能，发生亏损的；（五）经认定的非营利组织，发生亏损的；（六）经认定的符合本市产业发展方向的中小企业，发生亏损的。|公共知识P355：有下列情形之一的，可向主管税务机关提出城镇土地使用税困难减免申请：　　（一）资产不足清偿全部或者到期债务且已依法进入破产程序，其土地闲置不用的；（二）因歇业、改制等原因（除依法被吊销营业执照、责令关闭或者被撤销外）按规定已进入清算程序，其土地闲置不用的；（三）因受自然灾害影响无法维持正常经营活动，发生亏损的；（四）执行政府定价、承担公益职能，发生亏损的；（五）经认定的非营利组织，发生亏损的；（六）经认定的符合本市产业发展方向的中小企业，发生亏损的。
国税、地税征管体制改革要求发挥国税、地税各自优势，推动 “三合”，具体是指（    ）|服务深度融合|执法适度整合|信息高度聚合|机构适度整合|人员适度整合|1|2|3|||专业技能P73：2017年是深化征管体制改革的关键之年，各级税务机关要从“两个减负”的角度出发，继续抓好各项改革任务的落实，实现服务深度融合、执法适度整合、信息高度聚合。|专业技能P73：2017年是深化征管体制改革的关键之年，各级税务机关要从“两个减负”的角度出发，继续抓好各项改革任务的落实，实现服务深度融合、执法适度整合、信息高度聚合。
国税、地税征管体制改革的基本原则有（     ）|依法治税|便民办税|科学效能|协同共治|合作共赢|1|2|3|4||专业技能P11：国税、地税征管体制改革的基本原则有依法治税、便民办税、科学效能、协同共治、有序推进。|专业技能P11：国税、地税征管体制改革的基本原则有依法治税、便民办税、科学效能、协同共治、有序推进。
深化国税、地税征管体制改革任务之一是创新纳税服务机制，主要包括（    ）|推行税收规范化建设|推进办税便利化改革|建立服务合作常态化机制|建立促进诚信纳税机制|主动服务对外开放战略|1|2|3|4||专业技能P12：深化国税、地税征管体制改革任务之一是创新专业技能机制，主要包括：推行税收规范化建设，推进办税便利化改革，建立服务合作常态化机制，建立促进诚信纳税机制，健全专业技能投诉机制。|专业技能P12：深化国税、地税征管体制改革任务之一是创新专业技能机制，主要包括：推行税收规范化建设，推进办税便利化改革，建立服务合作常态化机制，建立促进诚信纳税机制，健全专业技能投诉机制。
深化国税、地税征管体制改革任务之一是转变征收管理方式，主要包括（    ）|优化各层级税务机关征管职责|对纳税人实施分类分级管理|提升大企业税收管理层级|建立自然人税收管理体系|深化税务稽查改革|2|3|4|5||专业技能P13：深化国税、地税征管体制改革任务之一是转变征收管理方式，主要包括：切实加强事中事后管理，对纳税人实施分类分级管理，提升大企业税收管理层级，建立自然人税收管理体系，深化税务稽查改革，全面推行电子发票，加快税收信息系统建设，发挥税收大数据服务国家治理的作用。|专业技能P13：深化国税、地税征管体制改革任务之一是转变征收管理方式，主要包括：切实加强事中事后管理，对纳税人实施分类分级管理，提升大企业税收管理层级，建立自然人税收管理体系，深化税务稽查改革，全面推行电子发票，加快税收信息系统建设，发挥税收大数据服务国家治理的作用。
《深化国税、地税征管体制改革方案》要求建立健全党政领导、（    ）的税收共治格局，着力解决税收环境不够优、全社会诚信纳税意识不够强等问题。|税务主责|各自分工|部门合作|公众参与|社会协同|1|3|4|5||专业技能P15：《深化国税、地税征管体制改革方案》要求建立健全党政领导、税务主责、部门合作、社会协同、公众参与的税收共治格局，着力解决税收环境不够优、全社会诚信纳税意识不够强等问题。|专业技能P15：《深化国税、地税征管体制改革方案》要求建立健全党政领导、税务主责、部门合作、社会协同、公众参与的税收共治格局，着力解决税收环境不够优、全社会诚信纳税意识不够强等问题。
深化国税、地税征管体制改革任务之一是构建税收共治格局，主要包括（    ）|推进涉税信息共享|拓展跨部门税收合作|健全税收司法保障机制|加强税法普及教育|完善督察内审机构设置|1|2|3|4||专业技能P15：深化国税、地税征管体制改革任务之一是构建税收共治格局，主要包括：推进涉税信息共享，拓展跨部门税收合作，健全税收司法保障机制，加强税法普及教育。|专业技能P15：深化国税、地税征管体制改革任务之一是构建税收共治格局，主要包括：推进涉税信息共享，拓展跨部门税收合作，健全税收司法保障机制，加强税法普及教育。
自然人按照收入和资产分为（    ）。|高收入|高净值自然人|一般自然人|一般个人|高收入自然人|2|3|5|||勘误：原答案为ABC，现改为BCE。专业技能P17：自然人按照收入和资产分为高收入、高净值自然人和一般自然人。|勘误：原答案为ABC，现改为BCE。专业技能P17：自然人按照收入和资产分为高收入、高净值自然人和一般自然人。
《国家税务总局关于印发〈纳税人分级分类管理办法〉的通知》明确的分级管理职责中，省税务机关主要负责以下哪些职责（    ）|负责本级数据采集、数据集中管理、风险管理规划、风险任务管理、风险应对过程监控、效果评价、风险分析工具设计维护；|负责本级重点税源企业和区域性、行业性的税收风险分析；|协助税务总局开展大企业、高收入高净值自然人等纳税人的税收风险分析；负责本级高收入高净值自然人以及特定管理类型自然人的税收风险分析；|负责税务总局推送和本级确定风险任务的应对工作；负责辖区内政策法规管理和重大税收案件审理；|其他应当由省税务机关承担的事项。|1|2|3|4|5|专业技能P18：省税务机关主要负责本级数据采集、数据集中管理、风险管理规划、风险任务管理、风险应对过程监控、效果评价、风险分析工具设计维护；负责本级重点税源企业和区域性、行业性的税收风险分析；协助税务总局开展大企业、高收入高净值自然人等纳税人的税收风险分析；负责本级高收入高净值自然人以及特定管理类型自然人的税收风险分析；负责税务总局推送和本级确定风险任务的应对工作；负责辖区内政策法规管理和重大税收案件审理；其他应当由省税务机关承担的事项。|专业技能P18：省税务机关主要负责本级数据采集、数据集中管理、风险管理规划、风险任务管理、风险应对过程监控、效果评价、风险分析工具设计维护；负责本级重点税源企业和区域性、行业性的税收风险分析；协助税务总局开展大企业、高收入高净值自然人等纳税人的税收风险分析；负责本级高收入高净值自然人以及特定管理类型自然人的税收风险分析；负责税务总局推送和本级确定风险任务的应对工作；负责辖区内政策法规管理和重大税收案件审理；其他应当由省税务机关承担的事项。
各级税务机关应当加强风险应对事项的规范化建设，依法规范风险应对的（    ）。|工作流程|执法要求|证据采集|文书使用|执法流程|1|2|3|4|||
风险管理事项是指围绕分析确认纳税人税法遵从状况而开展的税收管理事项，主要包括（    ）、风险应对、风险应对过程监控、效果评价、风险分析工具设计维护等事项。|数据集中管理|风险管理规划|风险分析识别|风险任务管理|风险响应速度|1|2|3|4||专业技能P17：风险管理事项是指围绕分析确认纳税人税法遵从状况而开展的税收管理事项，主要包括数据集中管理、风险管理规划、风险分析识别、风险任务管理、风险应对、风险应对过程监控、效果评价、风险分析工具设计维护等事项。|专业技能P17：风险管理事项是指围绕分析确认纳税人税法遵从状况而开展的税收管理事项，主要包括数据集中管理、风险管理规划、风险分析识别、风险任务管理、风险应对、风险应对过程监控、效果评价、风险分析工具设计维护等事项。
 关于营改增征税范围，下列说法正确的有（    ）。|服务（租赁不动产除外）的销售方在境内，属于在境内销售服务|所销售或者租赁的不动产在境外| 境外单位向境内单位工程在境内的工程勘察勘探服务，属于在境内销售服务|无形资产（自然资源使用权除外）的购买方在境内，属于在境内销售无形资产|境外单位向境内单位提供的会议展览地点在境外的会议展览服务，属于在境内销售服务|1|3|4|||专业技能P23：在境内销售服务、无形资产或者不动产是指：所销售或者租赁的不动产在境内。境外单位或者个人发生的下列行为不属于在境内销售服务：向境内单位或者个人提供的会议展览地点在境外的会议展览服务。|专业技能P23：在境内销售服务、无形资产或者不动产是指：所销售或者租赁的不动产在境内。境外单位或者个人发生的下列行为不属于在境内销售服务：向境内单位或者个人提供的会议展览地点在境外的会议展览服务。
下列关于营改增纳税人简易计税方法的说法，正确的有（      ）。|公路经营企业中的一般纳税人收取试点前开工的高速公路的车辆通行，可以选择适用简易计税方法，减按5%的征收率计算应纳税额   |劳务派遣服务，可以选择按照简易计税方法依5%的征收率差额纳税|销售电梯的同时提供安装服务，其安装服务可以按照甲供工程选择适用简易计税方法计税|非学历教育服务，可以选择适用简易计税方法按照5%征收|以2016年4月30日前取得的不动产提供的融资租赁服务，可以选择适用简易计税方法，按照5%的征收率计算缴纳增值税|2|3|5|||专业技能P25：公路经营企业收取试点前开工的高速公路的车辆通行费，可以选择适用简易计税方法，减按3%的征收率计算应纳税额。专业技能P26：非学历教育服务。可以选择适用简易计税方法按照3%征收。|专业技能P25：公路经营企业收取试点前开工的高速公路的车辆通行费，可以选择适用简易计税方法，减按3%的征收率计算应纳税额。专业技能P26：非学历教育服务。可以选择适用简易计税方法按照3%征收。
非正常损失的不动产在建工程所耗用的（    ）的进项税额不得从销项税额中抵扣。|购进货物|设计服务|建筑服务|租赁服务|运输服务 |1|2|3|||专业技能P28：下列项目的进项税额不得从销项税额中抵扣：（5）非正常损失的不动产在建工程所耗用的购进货物、设计服务和建筑服务。纳税人新建、改建、扩建、修缮、装饰不动产，均属于不动产在建工程。|专业技能P28：下列项目的进项税额不得从销项税额中抵扣：（5）非正常损失的不动产在建工程所耗用的购进货物、设计服务和建筑服务。纳税人新建、改建、扩建、修缮、装饰不动产，均属于不动产在建工程。
下列行为属于《营业税改征增值税试点实施办法》（财税[2016]36号文件印发）第四十条规定的混合销售业务的是（     ）。|销售建材同时提供建材运输服务|纳税人销售外购活动板房的同时提供安装服务  |销售不动产同时提供咨询服务|提供建筑服务同时提供建筑工程监理服务|转让技术的同时提供咨询服务|1|2||||专业技能P24：（二）一项销售行为如果既涉及服务又涉及货物，为混合销售。从事货物的生产、批发或者零售的单位和个体工商户的混合销售行为，按照销售货物缴纳增值税；其他单位和个体工商户的混合销售行为，按照销售服务缴纳增值税。|专业技能P24：（二）一项销售行为如果既涉及服务又涉及货物，为混合销售。从事货物的生产、批发或者零售的单位和个体工商户的混合销售行为，按照销售货物缴纳增值税；其他单位和个体工商户的混合销售行为，按照销售服务缴纳增值税。
以下按“金融服务”征收增值税的有（      ）。|银行存款利息|获得保险公司赔付|融资性售后回租|以货币资金投资收取的固定利润或者保底利润|金融商品持有期间（含到期）利息|3|4|5|||专业技能P53：金融服务，是指经营金融保险的业务活动。包括贷款服务、直接收费金融服务、保险服务和金融商品转让。（一）贷款服务贷款，是指将资金贷与他人使用而取得利息收入的业务活动。各种占用、拆借资金取得的收入，包括金融商品持有期间（含到期）利息（保本收益、报酬、资金占用费、补偿金等）收入、信用卡透支利息收入、买入返售金融商品利息收入、融资融券收取的利息收入，以及融资性售后回租、押汇、罚息、票据贴现、转贷等业务取得的利息及利息性质的收入，按照贷款服务缴纳增值税。以货币资金投资收取的固定利润或者保底利润，按照贷款服务缴纳增值税。|专业技能P53：金融服务，是指经营金融保险的业务活动。包括贷款服务、直接收费金融服务、保险服务和金融商品转让。（一）贷款服务贷款，是指将资金贷与他人使用而取得利息收入的业务活动。各种占用、拆借资金取得的收入，包括金融商品持有期间（含到期）利息（保本收益、报酬、资金占用费、补偿金等）收入、信用卡透支利息收入、买入返售金融商品利息收入、融资融券收取的利息收入，以及融资性售后回租、押汇、罚息、票据贴现、转贷等业务取得的利息及利息性质的收入，按照贷款服务缴纳增值税。以货币资金投资收取的固定利润或者保底利润，按照贷款服务缴纳增值税。
试点纳税人提供旅游服务，可以选择以取得的全部价款和价外费用，扣除向旅游服务购买方收取并支付给其他单位或者个人的（     ）后的余额为销售额。|餐饮费|住宿费|门店租赁费|交通费和门票费|签证费|1|2|4|5||专业技能P29：试点纳税人提供旅游服务，可以选择以取得的全部价款和价外费用，扣除向旅游服务购买方收取并支付给其他单位或者个人的住宿费、餐饮费、交通费、签证费、门票费和支付给其他接团旅游企业的旅游费用后的余额为销售额。|专业技能P29：试点纳税人提供旅游服务，可以选择以取得的全部价款和价外费用，扣除向旅游服务购买方收取并支付给其他单位或者个人的住宿费、餐饮费、交通费、签证费、门票费和支付给其他接团旅游企业的旅游费用后的余额为销售额。
一般纳税人提供的下列建筑服务，可以选择简易计税方法按照3%的征收计算纳税（     ）。|以清包工方式提供的建筑服务|为甲供工程提供的建筑服务，甲供工程是指全部设备、材料、动力由工程发包方自行采购的建筑工程|为建筑工程老项目提供的建筑服务|为甲供工程提供的建筑服务，甲供工程是指全部或部分设备、材料、动力由工程发包方自行采购的建筑工程|跨县（市、区）提供建筑服务|1|3|4|||勘误：原答案为ACD，现改为ACDE。专业技能P48-49：一般纳税人提供的下列建筑服务，可以选择简易计税方法按照3%的征收计算纳税：（一）以清包工方式提供的建筑服务。（二）为甲供工程提供的建筑服务。指全部或部分设备、材料、动力由工程发包方自行采购的建筑工程。（三）为建筑工程老项目提供的建筑服务。选项E：（三）纳税人跨县（市、区）提供建筑服务，按照以下规定预缴税款：...2.一般纳税人跨县（市、区）提供建筑服务，选择适用简易计税方法计税的，以取得的全部价款和价外费用扣除支付的分包款后的余额，按照3%的征收率计算应预缴税款。|勘误：原答案为ACD，现改为ACDE。专业技能P48-49：一般纳税人提供的下列建筑服务，可以选择简易计税方法按照3%的征收计算纳税：（一）以清包工方式提供的建筑服务。（二）为甲供工程提供的建筑服务。指全部或部分设备、材料、动力由工程发包方自行采购的建筑工程。（三）为建筑工程老项目提供的建筑服务。选项E：（三）纳税人跨县（市、区）提供建筑服务，按照以下规定预缴税款：...2.一般纳税人跨县（市、区）提供建筑服务，选择适用简易计税方法计税的，以取得的全部价款和价外费用扣除支付的分包款后的余额，按照3%的征收率计算应预缴税款。
境内单位和个人向境外单位提供的完全在境外消费的下列服务和无形资产，适用增值税免税的有（    ）。|转让技术|商务辅助服务|广告投放地在境外的广告服务|无形资产|信息系统服务|2|3|4|||专业技能P34：向境外单位提供的完全在境外消费的下列服务和无形资产：（完全境外消费）（1）电信服务。(2）知识产权服务。 (3）物流辅助服务（仓储服务、收派服务除外）。(4）鉴证咨询服务。(5）专业技术服务。 (6）商务辅助服务。(7）广告投放地在境外的广告服务。 (8）无形资产。|专业技能P34：向境外单位提供的完全在境外消费的下列服务和无形资产：（完全境外消费）（1）电信服务。(2）知识产权服务。 (3）物流辅助服务（仓储服务、收派服务除外）。(4）鉴证咨询服务。(5）专业技术服务。 (6）商务辅助服务。(7）广告投放地在境外的广告服务。 (8）无形资产。
营业税改征增值税后由地税机关继续受理（     ）的申报缴税和代开增值税发票业务。|房地产开发企业销售其自行开发的房地产|纳税人销售其取得的不动产|其他个人出租不动产|纳税人提供建筑劳务|纳税人（含其他个人）纳税人（不含其他个人）出租不动产|2|3||||专业技能P41：营改增后，为方便纳税人，暂定由地税局办理纳税人销售其取得的不动产和其他个人出租不动产增值税的纳税申报受理、计税价格评估、税款征收、税收优惠备案、发票代开等有关事项。|专业技能P41：营改增后，为方便纳税人，暂定由地税局办理纳税人销售其取得的不动产和其他个人出租不动产增值税的纳税申报受理、计税价格评估、税款征收、税收优惠备案、发票代开等有关事项。
以下关于营改增后相关税种计税依据的说法，正确的有（    ）。|个人出租房屋的个人所得税应税收入不含增值税| 土地增值税扣除项目涉及的增值税进项税额，允许在销项税额中计算抵扣的，不计入扣除项目| 免征增值税的，确定计税依据时，成交价格、租金收入、转让房地产取得的收入扣减增值税额  | 房产出租的，计征房产税的租金收入不含增值税| 个人转让房屋的个人所得税应税收入不含增值税，计算转让所得时可扣除的税费包括本次转让缴纳的增值税   |1|2|4|||专业技能P60：免征增值税的，确定计税依据时，成交价格、租金收入、转让房地产取得的收入不扣减增值税额。个人转让房屋的个人所得税应税收入不含增值税，其取得房屋时所支付价款中包含的增值税计入财产原值，计算转让所得时可扣除的税费不包括本次转让缴纳的增值税。|专业技能P60：免征增值税的，确定计税依据时，成交价格、租金收入、转让房地产取得的收入不扣减增值税额。个人转让房屋的个人所得税应税收入不含增值税，其取得房屋时所支付价款中包含的增值税计入财产原值，计算转让所得时可扣除的税费不包括本次转让缴纳的增值税。
以下关于营改增后相关税种计税依据的说法，正确的有（     ）。| 适用增值税一般计税方法的纳税人，其转让房地产的土地增值税应税收入不含增值税应纳税额   | 土地增值税预征的计征依据=预收款-应预缴增值税税款| 适用简易计税方法的纳税人，其转让房地产的土地增值税应税收入不含增值税应纳税额  | 预缴增值税的纳税人在其机构所在地申报缴纳增值税时，以其实际缴纳的增值税税额为计税依据，并按机构所在地的城市维护建设税适用税率和教育费附加征收率就地计算缴纳城市维护建设税和教育费附加| 计算土地增值税增值额的扣除项目中“与转让房地产有关的税金”不包括增值税|2|3|4|5||勘误：原答案为BDE，现改为BCDE。专业技能P59：适用增值税一般计税方法的纳税人，其转让房地产的土地增值税应税收入不含增值税销项税额；选项C正确：适用简易计税方法的纳税人，其转让房地产的土地增值税应税收入不含增值税应纳税额。|勘误：原答案为BDE，现改为BCDE。专业技能P59：适用增值税一般计税方法的纳税人，其转让房地产的土地增值税应税收入不含增值税销项税额；选项C正确：适用简易计税方法的纳税人，其转让房地产的土地增值税应税收入不含增值税应纳税额。
销售方按有关规定需要开具红字专用发票的，如购买方取得专用发票已用于申报抵扣的，购买方可在 “新系统”中填开并上传《信息表》。以下关于《信息表》填写和处理正确的是（     ）。|在填开《信息表》时不填写相对应的蓝字专用发票信息|应暂依《信息表》所列增值税税额从当期进项税额中转出|待取得销售方开具的红字专用发票后，与《信息表》一并作为记账凭证|《信息表》所列增值税税额可暂不从当期进项税额中转出，待取得销售方开具的红字专用发票后再作转出处理|填开《信息表》时需要填写相对应的蓝字专用发票信息|1|2|3|||专业技能P40：购买方取得专用发票已用于申报抵扣的，购买方可在增值税发票管理新系统中填开并上传《开具红字增值税专用发票信息表》，在填开《信息表》时不填写相对应的蓝字专用发票信息，应暂依《信息表》所列增值税税额从当期进项税额中转出，待取得销售方开具的红字专用发票后，与《信息表》一并作为记账凭证。|专业技能P40：购买方取得专用发票已用于申报抵扣的，购买方可在增值税发票管理新系统中填开并上传《开具红字增值税专用发票信息表》，在填开《信息表》时不填写相对应的蓝字专用发票信息，应暂依《信息表》所列增值税税额从当期进项税额中转出，待取得销售方开具的红字专用发票后，与《信息表》一并作为记账凭证。
以下关于单用途商业预付卡业务的说法正确的是（     ）。|售卡方接受单用途卡持卡人充值取得的预收资金，不缴纳增值税|售卡方可按照规定向购卡人、充值人开具增值税普通发票，不得开具增值税专用发票|售卡方因发行或者销售单用途卡并办理相关资金收付结算业务取得的手续费、结算费、服务费、管理费等收入，应按照现行规定缴纳增值税|持卡人使用单用途卡购买货物或服务时，货物或者服务的销售方应按照现行规定缴纳增值税，且不得向持卡人开具增值税发票|售卡方销售单用途卡取得的预收资金，缴纳增值税|1|2|3|4||专业技能P58：单用途卡发卡企业或者售卡企业（以下统称“售卡方”）销售单用途卡，或者接受单用途卡持卡人充值取得的预收资金，不缴纳增值税。|专业技能P58：单用途卡发卡企业或者售卡企业（以下统称“售卡方”）销售单用途卡，或者接受单用途卡持卡人充值取得的预收资金，不缴纳增值税。
自2016年9月1日起，《商品和服务税收分类与编码（试行）》中的分类编码增加6“未发生销售行为的不征税项目”。以下关于该项目的表述正确的是（      ）。|“未发生销售行为的不征税项目”下设601 “预付卡销售和充值”|“未发生销售行为的不征税项目”下设602“销售自行开发的房地产项目预收款”|“未发生销售行为的不征税项目”下设603 “已申报缴纳营业税未开票补开票”|使用“未发生销售行为的不征税项目”编码，发票税率栏应填写“不征税”，不得开具增值税专用发票|使用“未发生销售行为的不征税项目”编码，发票税率栏应填写“0”，不得开具增值税专用发票|1|2|3|4||专业技能P42:使用“未发生销售行为的不征税项目”编码，发票税率栏应填写“不征税”，不得开具增值税专用发票。|专业技能P42:使用“未发生销售行为的不征税项目”编码，发票税率栏应填写“不征税”，不得开具增值税专用发票。
月销售额超过3万元（或季销售额超过9万元）的鉴证咨询业小规模纳税人（     ），需要开具增值税专用发票的，可以通过增值税发票管理新系统自行开具，主管国税机关不再为其代开。|销售货物|销售其取得的不动产|提供顾问服务|提供认证服务|销售无形资产|1|3|4|5||专业技能P37：月销售额超过3万元（或季销售额超过9万元）的住宿业、鉴证咨询业、建筑业增值税小规模纳税人提供住宿服务、认证服务、鉴证服务、咨询服务、销售货物或发生其他增值税应税行为，需要开具专用发票的，可以通过增值税发票管理新系统自行开具，主管国税机关不再为其代开。|专业技能P37：月销售额超过3万元（或季销售额超过9万元）的住宿业、鉴证咨询业、建筑业增值税小规模纳税人提供住宿服务、认证服务、鉴证服务、咨询服务、销售货物或发生其他增值税应税行为，需要开具专用发票的，可以通过增值税发票管理新系统自行开具，主管国税机关不再为其代开。
房地产开发企业中的一般纳税人销售其开发的房地产项目（选择简易计税方法的房地产老项目除外），以取得的全部价款和价外费用，扣除受让土地时向政府部门支付的土地价款后的余额为销售额。所称“向政府部门支付的土地价款”包括（      ）。|土地价款|征地和拆迁补偿费用|土地前期开发费用|土地出让收益|土地滞纳金|1|2|3|4||专业技能P51：“向政府部门支付的土地价款”，包括土地受让人向政府部门支付的征地和拆迁补偿费用、土地前期开发费用和土地出让收益等。|专业技能P51：“向政府部门支付的土地价款”，包括土地受让人向政府部门支付的征地和拆迁补偿费用、土地前期开发费用和土地出让收益等。
下列关于一般纳税人提供劳务派遣服务税务处理正确的是（    ）。|以取得的全部价款和价外费用为销售额，按照简易计税方法依3%的征收率计算缴纳增值税|也可以选择差额纳税，以取得的全部价款和价外费用，扣除代用工单位支付给劳务派遣员工的工资、福利和为其办理社会保险及住房公积金后的余额为销售额，按照简易计税方法依5%的征收率计算缴纳增值税|也可以选择差额纳税，以取得的全部价款和价外费用，扣除代用工单位支付给劳务派遣员工的工资、福利和为其办理社会保险及住房公积金后的余额为销售额，按照简易计税方法依3%的征收率计算缴纳增值税|选择差额纳税的纳税人，向用工单位全额开具增值税专用发票|选择差额纳税的纳税人，向用工单位收取用于支付给劳务派遣员工工资、福利和为其办理社会保险及住房公积金的费用，不得开具增值税专用发票，可以开具普通发票|2|5||||专业技能P30：提供劳务派遣服务，不管是一般纳税人还是小规模纳税人，可以选择简易计税方法依5%的征收率计算缴纳增值税，以取得的全部价款和价外费用，扣除代用工单位支付给劳务派遣员工的工资、福利和为其办理社会保险及住房公积金后的余额为销售额。选择差额纳税的纳税人，向用工单位收取用于支付给劳务派遣员工工资、福利和为其办理社会保险及住房公积金的费用，不得开具增值税专用发票，可以开具普通发票。|专业技能P30：提供劳务派遣服务，不管是一般纳税人还是小规模纳税人，可以选择简易计税方法依5%的征收率计算缴纳增值税，以取得的全部价款和价外费用，扣除代用工单位支付给劳务派遣员工的工资、福利和为其办理社会保险及住房公积金后的余额为销售额。选择差额纳税的纳税人，向用工单位收取用于支付给劳务派遣员工工资、福利和为其办理社会保险及住房公积金的费用，不得开具增值税专用发票，可以开具普通发票。
金融机构从事下列（     ）业务取得的利息收入，属于《营业税改征增值税试点过渡政策的规定》第一条第（二十三）项所称的金融同业往来利息收入，免征增值税。|买断式买入返售金融商品|同业存款|同业借款|持有企业债券   |同业代付|1|2|3|5||专业技能P56：金融同业往来利息收入。（1）金融机构与人民银行所发生的资金往来业务。（2）银行联行往来业务。境内银行与其境外的总机构、母公司之间，以及境内银行与其境外的分支机构、全资子公司之间的资金往来业务属于银行联行往来。（3）金融机构间的资金往来业务。（4）金融机构之间开展的转贴现业务。（5）质押式买入返售金融商品。（6）持有政策性金融债券。（7）同业存款。（8）同业借款。（9）同业代付。（10）买断式买入返售金融商品。（11）持有金融债券。（12）同业存单。|专业技能P56：金融同业往来利息收入。（1）金融机构与人民银行所发生的资金往来业务。（2）银行联行往来业务。境内银行与其境外的总机构、母公司之间，以及境内银行与其境外的分支机构、全资子公司之间的资金往来业务属于银行联行往来。（3）金融机构间的资金往来业务。（4）金融机构之间开展的转贴现业务。（5）质押式买入返售金融商品。（6）持有政策性金融债券。（7）同业存款。（8）同业借款。（9）同业代付。（10）买断式买入返售金融商品。（11）持有金融债券。（12）同业存单。
关于小规模纳税人自开发票，下列说法正确的有（     ）。|自2017年3月1日起，全国范围内月销售额超过3万元（或季销售额超过9万元）的鉴证咨询业增值税小规模纳税人提供应税服务、销售货物、无形资产、不动产，需要开具专用发票的，可以通过增值税发票管理新系统自行开具，主管国税机关不再为其代开。| 自2016年8月1日起，在部分地区开展住宿业增值税小规模纳税人自行开具增值税专用发票试点工作|自2017年6月1日起，将建筑业纳入增值税小规模纳税人自行开具增值税专用发票试点范围|小规模纳税人销售其取得的不动产，需要开具增值税专用发票的，仍须向国税机关申请代开  |2016年11月4日起，全面开展住宿业小规模纳税人自行开具增值税专用发票试点|2|3|5|||专业技能P37：月销售额超过3万元（或季销售额超过9万元）的住宿业、鉴证咨询业、建筑业增值税小规模纳税人提供住宿服务、认证服务、鉴证服务、咨询服务、销售货物或发生其他增值税应税行为，需要开具专用发票的，可以通过增值税发票管理新系统自行开具，主管国税机关不再为其代开。销售其取得的不动产，需要开具专用发票的，仍须向地税机关申请代开。|专业技能P37：月销售额超过3万元（或季销售额超过9万元）的住宿业、鉴证咨询业、建筑业增值税小规模纳税人提供住宿服务、认证服务、鉴证服务、咨询服务、销售货物或发生其他增值税应税行为，需要开具专用发票的，可以通过增值税发票管理新系统自行开具，主管国税机关不再为其代开。销售其取得的不动产，需要开具专用发票的，仍须向地税机关申请代开。
以下属于不征收增值税项目的有（     ）。|存款利息|被保险人获得的保险赔付|托儿所、幼儿园提供的保育和教育服务|房地产主管部门或者其指定机构、公积金管理中心、开发企业以及物业管理单位代收的住宅专项维修资金|统借统贷利息|1|2|4|||专业技能P24：不征收增值税项目1.根据国家指令无偿提供的铁路运输服务、航空运输服务，属于《试点实施办法》第十四条规定的用于公益事业的服务。2.存款利息。3.被保险人获得的保险赔付。4.房地产主管部门或者其指定机构、公积金管理中心、开发企业以及物业管理单位代收的住宅专项维修资金。5.在资产重组过程中，通过合并、分立、出售、置换等方式，将全部或者部分实物资产以及与其相关联的债权、负债和劳动力一并转让给其他单位和个人，其中涉及的不动产、土地使用权转让行为。|专业技能P24：不征收增值税项目1.根据国家指令无偿提供的铁路运输服务、航空运输服务，属于《试点实施办法》第十四条规定的用于公益事业的服务。2.存款利息。3.被保险人获得的保险赔付。4.房地产主管部门或者其指定机构、公积金管理中心、开发企业以及物业管理单位代收的住宅专项维修资金。5.在资产重组过程中，通过合并、分立、出售、置换等方式，将全部或者部分实物资产以及与其相关联的债权、负债和劳动力一并转让给其他单位和个人，其中涉及的不动产、土地使用权转让行为。
年应税销售额未超过规定标准的纳税人，（    ）的，可以向主管税务机关办理一般纳税人资格登记，成为一般纳税人。|能够按照国家统一的会计制度规定设置账簿，根据合法、有效凭证核算|有固定的生产经营场所|能够提供准确税务资料|有符合条件的从业人员|没有有偷税行为的|1|3||||专业技能P20：年应税销售额未超过规定标准的纳税人，会计核算健全，能够提供准确税务资料的，可以向主管税务机关办理一般纳税人资格登记，成为一般纳税人。|专业技能P20：年应税销售额未超过规定标准的纳税人，会计核算健全，能够提供准确税务资料的，可以向主管税务机关办理一般纳税人资格登记，成为一般纳税人。
单位和个体工商户向其他单位或者个人无偿提供交通运输业和部分现代服务业服务，视同提供应税服务。但（     ）除外。|为宣传本公司产品|以公益活动为目的|以社会公众为对象的|为持有本公司会员卡的单位和个人无偿提供服务|没有有偷税行为的|2|3||||专业技能P23-24下列情形视同销售服务、无形资产或者不动产：（一）单位或者个体工商户向其他单位或者个人无偿提供服务，但用于公益事业或者以社会公众为对象的除外。出租不动产，租赁合同中约定免租期的，不属视同销售。（二）单位或者个人向其他单位或者个人无偿转让无形资产或者不动产，但用于公益事业或者以社会公众为对象的除外。（三）财政部和国家税务总局规定的其他情形。|专业技能P23-24下列情形视同销售服务、无形资产或者不动产：（一）单位或者个体工商户向其他单位或者个人无偿提供服务，但用于公益事业或者以社会公众为对象的除外。出租不动产，租赁合同中约定免租期的，不属视同销售。（二）单位或者个人向其他单位或者个人无偿转让无形资产或者不动产，但用于公益事业或者以社会公众为对象的除外。（三）财政部和国家税务总局规定的其他情形。
下列（    ）的增值税是由国家税务局暂委托地方税务局代为征收。|某农机公司销售自有的一套商品房|张三销售自有的一套商品房|某农机公司出租居民用普通住房| 某房地产开发公司销售自行开发的楼盘| 张三出租居民用普通住房|1|2|5|||专业技能P36（五）营业税改征的增值税，由国家税务局负责征收。纳税人销售取得的不动产和其他个人出租不动产的增值税，国家税务局暂委托地方税务局代为征收。|专业技能P36（五）营业税改征的增值税，由国家税务局负责征收。纳税人销售取得的不动产和其他个人出租不动产的增值税，国家税务局暂委托地方税务局代为征收。
某房地产企业A为增值税一般纳税人，采取预收款方式销售其自行开发的房地产项目。2016年7月共计收到预收款1800万。不考虑其他事项，则（      ）。|若采用一般计税方法，A企业在8月申报期内应向主管税务机关预缴增值税48.65万元|若采用一般计税方法，A企业在8月申报期内应向主管税务机关预缴增值税178.38万元| 若采用简易计税方法，A企业在8月申报期内应向主管税务机关预缴增值税85.71万元| 若采用一般计税方法，A企业在8月申报期内应向主管税务机关预缴增值税85.71万元|若采用简易计税方法，A企业在8月申报期内应向主管税务机关预缴增值税51.43万元|1|5||||专业技能P52一般纳税人采取预收款方式销售自行开发的房地产项目，应在收到预收款时按照3%的预征率预缴增值税。应预缴税款=预收款÷（1+适用税率或征收率）×3%。适用一般计税方法计税的，按照11%的适用税率计算；适用简易计税方法计税的，按照5%的征收率计算。|专业技能P52一般纳税人采取预收款方式销售自行开发的房地产项目，应在收到预收款时按照3%的预征率预缴增值税。应预缴税款=预收款÷（1+适用税率或征收率）×3%。适用一般计税方法计税的，按照11%的适用税率计算；适用简易计税方法计税的，按照5%的征收率计算。
金税三期优化系统的主要业务变革点有：（    ）|简化涉税事项|纳税遵从风险管理|外部涉税信息管理|企业所得税汇算清缴 |自然人税收管理|1|2|3|5||专业技能P66主要业务变革除了四个正确选项外，还有1、网络发票管理，2、受理纳税人涉税事宜，3、会计核算，4、管理决策|专业技能P66主要业务变革除了四个正确选项外，还有1、网络发票管理，2、受理纳税人涉税事宜，3、会计核算，4、管理决策
金税三期工程确定了“一个平台、两级处理、三个覆盖、四类系统”的工作目标，其中，三个覆盖是指：（    ）|覆盖所有税种|覆盖税务管理的重要工作环节|覆盖所有有关部门|覆盖各级国、地税机关|覆盖所有人员|1|2|4|||专业技能P61 除了几个正确选项外还有：与有关部门联网|专业技能P61 除了几个正确选项外还有：与有关部门联网
金税三期工程新建系统包括：（    ）|核心征管|防伪税控系统|个人税收管理|出口退税审核系统|税库银|1|3||||专业技能P62 除了两个正确选项外还有网络发票|专业技能P62 除了两个正确选项外还有网络发票
金税三期工程确定了“一个平台、两级处理、三个覆盖、四类系统”的工作目标，其中，四类系统是指：（    ）|征收管理系统|外部信息系统|行政管理系统|稽查管理系统|决策支持系统|1|2|3|5||专业技能P61 四类系统包括征收管理、外部信息、行政管理、决策支持等系统|专业技能P61 四类系统包括征收管理、外部信息、行政管理、决策支持等系统
房地产税收一体化相关税收可以通过以下环节管理：（    ）|土地使用权取得环节|房地产开发或建筑环节|房产交易环节|房地产保有环节|土地拍卖环节|1|2|3|4||专业技能P68、P94 书上不确切，百度查询得知|专业技能P68、P94 书上不确切，百度查询得知
自然人的有效身份证明种类有：（    ）|居民身份证|中国护照|港澳居民来往内地通行证|外国护照|工作证件|1|2|3|4||书上没找到，百度查询得知|书上没找到，百度查询得知
金税三期的主要创新点有：（    ）|实现各省征管数据应用大集中|统一全国征管数据标准、口径|统一国地税征管应用系统版本|统一规范纳税服务系统|建立统一的网络发票系统|2|3|4|5||专业技能P70-71工程创新点：1、运用先进税收管理理念和信息技术做好总体规划；2、实现全国征管数据应用大集中；3、统一全国征管数据标准、口径4、统一国地税征管应用系统版本；5、统一规范专业技能系统；6、建立统一的网络发票系统；A选项错在不是各省，是全国|专业技能P70-71工程创新点：1、运用先进税收管理理念和信息技术做好总体规划；2、实现全国征管数据应用大集中；3、统一全国征管数据标准、口径4、统一国地税征管应用系统版本；5、统一规范专业技能系统；6、建立统一的网络发票系统；A选项错在不是各省，是全国
关于开展“便民办税春风行动”的重要意义，下列表述正确的是（    ）。|落实改革任务需要拓展提升|优化营商环境需要持续发力|普及税法宣传需要固化模式|满足纳税人期盼需要常抓不懈|创响服务品牌需要久久为功|1|2|4|5||专业技能 P73-74“便民办税春风行动”重要意义：1、落实改革任务需要拓展提升；2、优化营商环境需要持续发力；3、满足纳税人期盼需要常抓不懈；5、创响服务品牌需要久久为功|专业技能 P73-74“便民办税春风行动”重要意义：1、落实改革任务需要拓展提升；2、优化营商环境需要持续发力；3、满足纳税人期盼需要常抓不懈；5、创响服务品牌需要久久为功
2017年开展“春风行动”，要持续围绕（     ），把改革目标落准、把改革措施落细、把改革成效落实，让改革更加满足发展所需、基层所盼、税户所向。|“分好工”  |“聚好力”|“把好关”|“服好务”|“收好税”|1|2|4|||专业技能 P73（一）春风行动持续围绕“分好工"、"服好务"、“管好税"、“合好作”、“治好队”、聚好力"|专业技能 P73（一）春风行动持续围绕“分好工"、"服好务"、“管好税"、“合好作”、“治好队”、聚好力"
通过开展2017年“春风行动”，各级税务机关要从纳税人视角出发，进一步深化落实（    ），持续简化流程、完善制度、创新管理，积极推进办税制度改革进程。|简政放权|健全机制|优化服务|放管结合|改革创新|1|3|4|||专业技能 P73（二）从纳税人视角出发，进一步深化落实简政放权、放管结合、优化服务|专业技能 P73（二）从纳税人视角出发，进一步深化落实简政放权、放管结合、优化服务
2017年开展“春风行动”，要把握“长流水、不断线、打连发、呈递进”的工作节奏，紧扣全国纳税人满意度调查发现的问题，推进办税制度改革，创响纳税服务品牌，总体设计、分步推进，通过（    ）措施提速减负，打造效能税务。|升级改造服务平台|简并涉税资料报送|加速实名办税进程|提高纳税申报质量|深化国税地税联合办税|2|4||||专业技能 P74，除了正确选项，还有： 1、减少办税等候时间 2、简并涉税资料报送3、提速出口退免税办理|专业技能 P74，除了正确选项，还有： 1、减少办税等候时间 2、简并涉税资料报送3、提速出口退免税办理
2017年开展“春风行动”，要把握“长流水、不断线、打连发、呈递进”的工作节奏，紧扣全国纳税人满意度调查发现的问题，推进办税制度改革，创响纳税服务品牌，总体设计、分步推进，通过（    ）措施创新服务，积聚智慧税务。|升级改造服务平台|优化发票领用方式|创新税收执法方式|拓展发票开具方式|拓展热线服务功能|1|2|4|||专业技能 P75 除了正确选项之外，还有：4、推进外出经营管理电子化|专业技能 P75 除了正确选项之外，还有：4、推进外出经营管理电子化
2017年开展“春风行动”，要把握“长流水、不断线、打连发、呈递进”的工作节奏，紧扣全国纳税人满意度调查发现的问题，推进办税制度改革，创响纳税服务品牌，总体设计、分步推进，通过（    ）措施公正执法，营造公平税务。|完善税收执法程序|巩固商事登记制度改革成果|扩大社会合作范围|强化纳税信用管理运用|加速实名办税进程|1|2|4|||专业技能 P75-76 除了正确选项之外，还有：4、创新税收执法方式|专业技能 P75-76 除了正确选项之外，还有：4、创新税收执法方式
2017年开展“春风行动”，要把握“长流水、不断线、打连发、呈递进”的工作节奏，紧扣全国纳税人满意度调查发现的问题，推进办税制度改革，创响纳税服务品牌，总体设计、分步推进，通过（    ）措施合力共赢，构建协作税务。|扩大区域通办范围|推进外出经营管理电子化|加强缴税方式技术支撑|服务国家发展战略|推进办税制度改革|3|4||||专业技能 P76 除了正确选项之外，还有：1、深化国税地税联合办税 2、扩大社会合作范围 |专业技能 P76 除了正确选项之外，还有：1、深化国税地税联合办税 2、扩大社会合作范围 
2017年开展“春风行动”，要把握“长流水、不断线、打连发、呈递进”的工作节奏，紧扣全国纳税人满意度调查发现的问题，推进办税制度改革，创响纳税服务品牌，总体设计、分步推进，通过（     ）措施提速减负，打造效能税务。|优化发票领用方式|推进外出经营管理电子化|减少办税等候时间|提速出口退（免）税办理|提高纳税申报质量|3|4|5|||专业技能 P74 除了正确选项外，还有：1、简并涉税资料报送|专业技能 P74 除了正确选项外，还有：1、简并涉税资料报送
2017年开展“春风行动”的行动内容中，关于提速减负，打造效能税务的措施，以下表述正确的是（    ）|通过移动互联网为纳税人实时提供办税服务厅等候人数、已办理人数等排队信息，方便纳税人合理选择办税地点，提高办税效率。|简并涉税资料报送。简化发票代开业务资料报送，简化金融业资产损失资料报送要求，简化非居民企业源泉扣缴信息申报，为纳税人和基层税务机关减轻负担。|针对办税“波峰”“波谷”情况，在办税“波谷”期大力推行预约办税，提供网上、掌上等多渠道预约服务，减少办税服务厅排队等候时间。|优化网上申报系统，纳税人填写基础性数据后，由软件进行数据审核、逻辑计算、分类填写，有效辅导纳税人快捷准确填写申报表，提升申报质量。|为纳税人提供企业所得税申报疑点数据的校验、反馈和提醒服务，减少纳税人申报错误风险。|1|4|5|||专业技能 P74-75 B选项错在是银行业不是金融业，C选项错在应在波峰期而不是波谷|专业技能 P74-75 B选项错在是银行业不是金融业，C选项错在应在波峰期而不是波谷
2017年开展“春风行动”的行动内容中，要求必须在2017年二季度前实施的创新服务，积聚智慧税务的措施包括（     ）。|提供发票网上、掌上申请，物流配送或窗口及自助终端自取纸质发票服务，实现发票领用“线上申领、线下配送”。|扩大小规模纳税人自开专用发票试点行业范围。|省税务机关管辖区域内跨县（市）从事生产经营的纳税人需要开具《外出经营活动税收管理证明》（以下简称《外管证》）的，税务机关受理纳税人的网上申请，为其开具电子《外管证》并推送电子信息，取消电子《外管证》纸质打印和经营地报验登记。|提供增值税发票代开网上、掌上预申请功能，纳税人通过网上办税平台、手机APP等渠道代开发票，税费一体化征收，选择物流配送或窗口及自助终端自取纸质发票服务，实现发票代开“线上办理、线下开具”。|探索推进跨省从事生产经营纳税人的网上开具《外管证》，逐步实现《外管证》开具、信息传递和后续管理的电子化。|2|3||||专业技能 P75 B、扩大小规模纳税人自开专用发票试点行业范围(2017年6月底前实施）。C、省税务机关管辖区域内跨县（市）从事生产经营的纳税人需要开具《外出经营活动税收管理证明》（以下简称《外管证》）的，税务机关受理纳税人的网上申请，为其开具电子《外管证》并推送电子信息，取消电子《外管证》纸质打印和经营地报验登记(2017年6月底前实施）。|专业技能 P75 B、扩大小规模纳税人自开专用发票试点行业范围(2017年6月底前实施）。C、省税务机关管辖区域内跨县（市）从事生产经营的纳税人需要开具《外出经营活动税收管理证明》（以下简称《外管证》）的，税务机关受理纳税人的网上申请，为其开具电子《外管证》并推送电子信息，取消电子《外管证》纸质打印和经营地报验登记(2017年6月底前实施）。
2017年开展“春风行动”的行动内容中，关于创新服务，积聚智慧税务的措施，以下表述正确的是（    ）。|优化发票领用方式，实现发票领用“线上申领、线下配送”。|探索推进跨区（县）从事生产经营纳税人的网上开具《外管证》，逐步实现《外管证》开具、信息传递和后续管理的电子化。|扩大小规模纳税人自开专用发票试点地区范围。|拓展发票开具方式，实现发票代开“线上办理、线下开具”。|推进发票无纸化试点工作，推动电子发票在电子商务等领域的使用，逐步实现纸质发票到电子发票的变革。|1|4|5|||专业技能 P75 B选项错在跨区，应为跨省；C选项错在试点地区范围，应为试点行业范围|专业技能 P75 B选项错在跨区，应为跨省；C选项错在试点地区范围，应为试点行业范围
2017年开展“春风行动”的行动内容中，要求必须在2017年二季度前实施的精准发力，唱响便民税务的措施包括（     ）。|推进纳税人自主申报，还责还权于纳税人，探索推行信用管税办税制度，健全和完善纳税服务基础管理制度。|充分利用互联网、移动终端等新兴媒介，为纳税人提供多元化、全方位的咨询辅导服务。|针对实名办税纳税人开展个性化服务，减少资料重复报送，加强内部风险管控和外部结果推送，完善“登记、办税、服务、管理”全过程实名制。|进一步拓展同城通办和全省通办的业务范围，在全省通办的基础上提升业务通办的层级。|加大实名办税推行力度，线上线下采集纳税人及其代理人身份等信息，强化与业务系统无缝对接。|1|3|5|||专业技能 P75-76 9、10除了正确选项外还有1、推进办税制度改革。2、扩大区域通办范围。3、拓展热线服务功能。|专业技能 P75-76 9、10除了正确选项外还有1、推进办税制度改革。2、扩大区域通办范围。3、拓展热线服务功能。
2017年开展“春风行动”的行动内容中，关于精准发力，唱响便民税务的措施，以下表述正确的是（    ）。|加大实名办税推行力度，线上线下采集纳税人(代理人除外)身份等信息，强化与业务系统无缝对接|针对实名办税纳税人开展个性化服务，减少资料重复报送，弱化内部风险管控和外部结果推送，完善“登记、办税、服务、管理”全过程实名制。|加强整体协调和业务统筹，促进分税种、分业务设置服务事项办税模式的转变，推动关联度适中的业务事项归并整合。|推进纳税人自主申报，还责还权于纳税人，探索推行信用管税办税制度，健全和完善纳税服务基础管理制度。|进一步拓展同城通办和全省通办的业务范围，在全省通办的基础上提升业务通办的层级。|4|5||||专业技能 P75-76 A选项应包括代理人 B选项是加强不是弱化 C选项是关联度高而不是适中|专业技能 P75-76 A选项应包括代理人 B选项是加强不是弱化 C选项是关联度高而不是适中
2017年开展“春风行动”的行动内容中，要积极推行《全国税务稽查规范（1.0版）》，健全（    ）等制度规定。|税务检查|处罚告知|处罚听证|集体审议|个性服务|1|2|3|4||专业技能 P76 13，完善税收执法程序。积极推行《全国税务稽查规范（1.0版）》，健全税务检查、处罚告知、处罚听证、集体审议、作出决定、文书送达等制度规定(2017年启动)。严格实施重大税务案件审理办法。|专业技能 P76 13，完善税收执法程序。积极推行《全国税务稽查规范（1.0版）》，健全税务检查、处罚告知、处罚听证、集体审议、作出决定、文书送达等制度规定(2017年启动)。严格实施重大税务案件审理办法。
2017年开展“春风行动”的行动内容中，要求必须在2017年二季度前实施的公正执法，营造公平税务的措施包括（     ）。|持续扩大纳税信用评价覆盖面，探索开展对个体工商户和其他类型纳税人的纳税信用评价。|完善商事登记制度改革后的税收征管配套措施，做好个体工商户“两证整合”改革后续管理工作。|持续扩大“银税互动”受惠面，将守信个体工商户和其他类型纳税人纳入“银税互动”受惠范围。|建立和实施税务行政执法案例指导制度。|推进纳税人自主申报，还责还权于纳税人，探索推行信用管税办税制度，健全和完善纳税服务基础管理制度。|1|2||||专业技能 P76 15、161、完善税收执法程序。积极推行《全国税务稽查规范（1.0版）》，健全税务检查、处罚告知、处罚听证、集体审议、作出决定、文书送达等制度规定。严格实施重大税务案件审理办法。2.创新税收执法方式。建立健全“双随机、一公开”监管机制，全面推进税务稽查随机抽查，体现执法公平，提高执法效能。建立和实施税务行政执法案例指导制度3.巩固商事登记制度改革成果。完善商事登记制度改革后的税收征管配套措施，做好个体工商户“两证整合”改革后续管理工作，加强改革效应分析，积极开展后续事中事后监管4.强化纳税信用管理运用。持续扩大纳税信用评价覆盖面，探索开展对个体工商户和其他类型纳税人的纳税信用评价。持续扩大“银税互动”受惠面，将守信个体工商户和其他类型纳税人纳入“银税互动”受惠范围|专业技能 P76 15、161、完善税收执法程序。积极推行《全国税务稽查规范（1.0版）》，健全税务检查、处罚告知、处罚听证、集体审议、作出决定、文书送达等制度规定。严格实施重大税务案件审理办法。2.创新税收执法方式。建立健全“双随机、一公开”监管机制，全面推进税务稽查随机抽查，体现执法公平，提高执法效能。建立和实施税务行政执法案例指导制度3.巩固商事登记制度改革成果。完善商事登记制度改革后的税收征管配套措施，做好个体工商户“两证整合”改革后续管理工作，加强改革效应分析，积极开展后续事中事后监管4.强化纳税信用管理运用。持续扩大纳税信用评价覆盖面，探索开展对个体工商户和其他类型纳税人的纳税信用评价。持续扩大“银税互动”受惠面，将守信个体工商户和其他类型纳税人纳入“银税互动”受惠范围
2017年开展“春风行动”的行动内容中，为了扩大社会合作范围，要对接现代物流实现（    ）线上线下（O2O）配送或约时定点领取服务。|涉税业务文书|客户端申报软件|电子缴款凭证|纸质发票|电子发票|1|4||||专业技能 P76 19、扩大社会合作范围。充分利用银行、社区、街道等网格化网点，在银行自助服务区和街道办事处等地配置24小时自助办税服务设备，延伸24小时自助办税服务(2017年底前实施)。逐步委托邮政等机构代开发票、代征税款(2017年6月底前启动)。对接现代物流实现涉税业务文书和纸质发票线上线下（O2O）配送或约时定点领取服务(2017年9月底前实施)。|专业技能 P76 19、扩大社会合作范围。充分利用银行、社区、街道等网格化网点，在银行自助服务区和街道办事处等地配置24小时自助办税服务设备，延伸24小时自助办税服务(2017年底前实施)。逐步委托邮政等机构代开发票、代征税款(2017年6月底前启动)。对接现代物流实现涉税业务文书和纸质发票线上线下（O2O）配送或约时定点领取服务(2017年9月底前实施)。
2017年开展“春风行动”，要把握“长流水、不断线、打连发、呈递进”的工作节奏，紧扣全国纳税人满意度调查发现的问题，推进办税制度改革，创响纳税服务品牌，总体设计、分步推进，以下表述正确的是（    ）。|通过减少办税等候时间、简并涉税资料报送、提速出口退（免）税办理、优化发票领用方式4项措施提速减负，打造效能税务。|通过升级改造服务平台、优化发票领用方式、拓展发票开具方式、推进外出经营管理电子化4项措施创新服务，积聚智慧税务。|通过加强缴税方式技术支撑、推进办税制度改革、扩大区域通办范围、拓展热线服务功能4项措施精准发力，唱响便民税务。|通过完善税收执法程序、创新税收执法方式、巩固商事登记制度改革成果、强化纳税信用管理运用4项措施公正执法，营造公平税务。|通过深化国税地税联合办税、扩大区域通办范围、扩大社会合作范围、服务国家发展战略4项措施合力共赢，构建协作税务。|2|4||||专业技能 P74 第二章 二：A选项错在没有优化发票领用；C选项错在没有加强缴税方式技术支撑；E错在没有扩大区域通办范围|专业技能 P74 第二章 二：A选项错在没有优化发票领用；C选项错在没有加强缴税方式技术支撑；E错在没有扩大区域通办范围
2017年开展“春风行动”的行动内容中，以下措施属于“提速减负，打造效能税务”大类的是（    ）。|通过移动互联网为纳税人实时提供办税服务厅等候人数、已办理人数等排队信息，方便纳税人合理选择办税地点，提高办税效率。|加大实名办税推行力度，线上线下采集纳税人及其代理人身份等信息，强化与业务系统无缝对接，针对实名办税纳税人开展个性化服务，减少资料重复报送，加强内部风险管控和外部结果推送，完善“登记、办税、服务、管理”全过程实名制。|简化工程项目在境外的建筑服务证明材料，简化国际运输服务免征增值税的备案资料，简化在境外提供旅游服务的证明材料。|优化网上申报系统，纳税人填写基础性数据后，由软件进行数据审核、逻辑计算、分类填写，有效辅导纳税人快捷准确填写申报表，提升申报质量。|加强POS机、网上银行、手机银行等多元化缴税方式技术支撑。|1|3|4|||专业技能 P74-75 第三章，一：1、减少办税等候时间。推进网上办税为主、自助和其他社会办税为辅、实体办税服务厅兜底的办税模式，让纳税人多走“网路”、少走“马路”（2017年9月底前实施）。通过移动互联网为纳税人实时提供办税服务厅等候人数、已办理人数等排队信息，方便纳税人合理选择办税地点，提高办税效率（2017年9月底前实施）。针对办税“波峰”“波谷”情况，在办税“波峰”期大力推行预约办税，提供网上、掌上等多渠道预约服务，减少办税服务厅排队等候时间（2017年底前实施）。优化房地产交易税收服务，落实房地产交易税收服务和管理指引要求，推进部门信息共享，减少信息重复录入及复核时间，探索由纳税人通过互联网、手机客户端或自助办税终端提前录入申报所需税源信息，探索实行同城通办或房地产管理部门、不动产登记部门与税务部门业务联办，为纳税人提供更加便捷的服务（2017年1月启动）。2.简并涉税资料报送。简化发票代开业务资料报送（2016年11月实施），简化银行业资产损失资料报送要求（2017年启动），简化工程项目在境外的建筑服务证明材料，简化国际运输服务免征增值税的备案资料，简化在境外提供旅游服务的证明材料（2017年1月实施），简化非居民企业源泉扣缴信息申报，为纳税人和基层税务机关减轻负担（2017年启动）。|专业技能 P74-75 第三章，一：1、减少办税等候时间。推进网上办税为主、自助和其他社会办税为辅、实体办税服务厅兜底的办税模式，让纳税人多走“网路”、少走“马路”（2017年9月底前实施）。通过移动互联网为纳税人实时提供办税服务厅等候人数、已办理人数等排队信息，方便纳税人合理选择办税地点，提高办税效率（2017年9月底前实施）。针对办税“波峰”“波谷”情况，在办税“波峰”期大力推行预约办税，提供网上、掌上等多渠道预约服务，减少办税服务厅排队等候时间（2017年底前实施）。优化房地产交易税收服务，落实房地产交易税收服务和管理指引要求，推进部门信息共享，减少信息重复录入及复核时间，探索由纳税人通过互联网、手机客户端或自助办税终端提前录入申报所需税源信息，探索实行同城通办或房地产管理部门、不动产登记部门与税务部门业务联办，为纳税人提供更加便捷的服务（2017年1月启动）。2.简并涉税资料报送。简化发票代开业务资料报送（2016年11月实施），简化银行业资产损失资料报送要求（2017年启动），简化工程项目在境外的建筑服务证明材料，简化国际运输服务免征增值税的备案资料，简化在境外提供旅游服务的证明材料（2017年1月实施），简化非居民企业源泉扣缴信息申报，为纳税人和基层税务机关减轻负担（2017年启动）。
2017年开展“春风行动”的行动内容中，以下措施属于“创新服务，积聚智慧税务”大类的是（    ）。|通过移动互联网为纳税人实时提供办税服务厅等候人数、已办理人数等排队信息，方便纳税人合理选择办税地点，提高办税效率。|提供发票网上、掌上申请，物流配送或窗口及自助终端自取纸质发票服务，实现发票领用“线上申领、线下配送”。|加大实名办税推行力度，线上线下采集纳税人及其代理人身份等信息，强化与业务系统无缝对接。|优化网上申报系统，纳税人填写基础性数据后，由软件进行数据审核、逻辑计算、分类填写，有效辅导纳税人快捷准确填写申报表，提升申报质量。|提供增值税发票代开网上、掌上预申请功能，纳税人通过网上办税平台、手机APP等渠道代开发票，税费一体化征收，选择物流配送或窗口及自助终端自取纸质发票服务，实现发票代开“线上办理、线下开具”。|2|5||||专业技能 P75 二：6.优化发票领用方式。提供发票网上、掌上申请，物流配送或窗口及自助终端自取纸质发票服务，实现发票领用“线上申领、线下配送” （2017年9月底前实施）。7.拓展发票开具方式。提供增值税发票代开网上、掌上预申请功能，纳税人通过网上办税平台、手机APP等渠道代开发票，税费一体化征收，选择物流配送或窗口及自助终端自取纸质发票服务，实现发票代开“线上办理、线下开具”（2017年底前实施）。扩大小规模纳税人自开专用发票试点行业范围（2017年6月底前实施）。推进发票无纸化试点工作，推动电子发票在电子商务等领域的使用，逐步实现纸质发票到电子发票的变革（2017年9月底前启动）。|专业技能 P75 二：6.优化发票领用方式。提供发票网上、掌上申请，物流配送或窗口及自助终端自取纸质发票服务，实现发票领用“线上申领、线下配送” （2017年9月底前实施）。7.拓展发票开具方式。提供增值税发票代开网上、掌上预申请功能，纳税人通过网上办税平台、手机APP等渠道代开发票，税费一体化征收，选择物流配送或窗口及自助终端自取纸质发票服务，实现发票代开“线上办理、线下开具”（2017年底前实施）。扩大小规模纳税人自开专用发票试点行业范围（2017年6月底前实施）。推进发票无纸化试点工作，推动电子发票在电子商务等领域的使用，逐步实现纸质发票到电子发票的变革（2017年9月底前启动）。
2017年开展“春风行动”的行动内容中，以下措施属于“精准发力，唱响便民税务”大类的是（     ）。|加强整体协调和业务统筹，促进分税种、分业务设置服务事项办税模式的转变，推动关联度高的业务事项归并整合。|针对办税“波峰”“波谷”情况，在办税“波峰”期大力推行预约办税，提供网上、掌上等多渠道预约服务，减少办税服务厅排队等候时间。|为纳税人提供企业所得税申报疑点数据的校验、反馈和提醒服务，减少纳税人申报错误风险。|加大实名办税推行力度，线上线下采集纳税人及其代理人身份等信息，强化与业务系统无缝对接，针对实名办税纳税人开展个性化服务，减少资料重复报送，加强内部风险管控和外部结果推送，完善“登记、办税、服务、管理”全过程实名制。|全面整合国家税务局、地方税务局服务资源，推广办税服务厅“一窗一人”国税地税联合办税服务模式，实现涉税业务一窗办理。|1|4||||专业技能 P75-76 三:9.加速实名办税进程。加大实名办税推行力度，线上线下采集纳税人及其代理人身份等信息，强化与业务系统无缝对接，针对实名办税纳税人开展个性化服务，减少资料重复报送，加强内部风险管控和外部结果推送，完善“登记、办税、服务、管理”全过程实名制（2017年6月底前实施）。10.推进办税制度改革。加强整体协调和业务统筹，促进分税种、分业务设置服务事项办税模式的转变，推动关联度高的业务事项归并整合(2017年6月底前启动)。推进纳税人自主申报，还责还权于纳税人，探索推行信用管税办税制度，健全和完善专业技能基础管理制度(2017年6月底前启动)。|专业技能 P75-76 三:9.加速实名办税进程。加大实名办税推行力度，线上线下采集纳税人及其代理人身份等信息，强化与业务系统无缝对接，针对实名办税纳税人开展个性化服务，减少资料重复报送，加强内部风险管控和外部结果推送，完善“登记、办税、服务、管理”全过程实名制（2017年6月底前实施）。10.推进办税制度改革。加强整体协调和业务统筹，促进分税种、分业务设置服务事项办税模式的转变，推动关联度高的业务事项归并整合(2017年6月底前启动)。推进纳税人自主申报，还责还权于纳税人，探索推行信用管税办税制度，健全和完善专业技能基础管理制度(2017年6月底前启动)。
2017年开展“春风行动”的行动内容中，以下措施属于“握公正执法，营造公平税务”大类的是（     ）。|严格实施重大税务案件审理办法。|深化国税地税联合办税，联合开展遵从合作、风险提示等大企业纳税服务工作。|推进纳税人自主申报，还责还权于纳税人，探索推行信用管税办税制度，健全和完善纳税服务基础管理制度。|建立和实施税务行政执法案例指导制度。|完善商事登记制度改革后的税收征管配套措施，做好个体工商户“两证整合”改革后续管理工作，加强改革效应分析，积极开展后续事中事后监管。|1|4|5|||专业技能 P76 四：13.完善税收执法程序。积极推行《全国税务稽查规范（1.0版）》，健全税务检查、处罚告知、处罚听证、集体审议、作出决定、文书送达等制度规定(2017年启动)。严格实施重大税务案件审理办法(2017年启动)。14.创新税收执法方式。建立健全“双随机、一公开”监管机制，全面推进税务稽查随机抽查，体现执法公平，提高执法效能(2017年底前实施)。建立和实施税务行政执法案例指导制度(2017年底前实施)。15.巩固商事登记制度改革成果。完善商事登记制度改革后的税收征管配套措施，做好个体工商户“两证整合”改革后续管理工作，加强改革效应分析，积极开展后续事中事后监管(2016年12月启动)。|专业技能 P76 四：13.完善税收执法程序。积极推行《全国税务稽查规范（1.0版）》，健全税务检查、处罚告知、处罚听证、集体审议、作出决定、文书送达等制度规定(2017年启动)。严格实施重大税务案件审理办法(2017年启动)。14.创新税收执法方式。建立健全“双随机、一公开”监管机制，全面推进税务稽查随机抽查，体现执法公平，提高执法效能(2017年底前实施)。建立和实施税务行政执法案例指导制度(2017年底前实施)。15.巩固商事登记制度改革成果。完善商事登记制度改革后的税收征管配套措施，做好个体工商户“两证整合”改革后续管理工作，加强改革效应分析，积极开展后续事中事后监管(2016年12月启动)。
2017年开展“春风行动”的行动内容中，以下措施属于“合力共赢，构建协作税务”大类的是（    ）。|进一步拓展同城通办和全省通办的业务范围，在全省通办的基础上提升业务通办的层级。|不断优化完善“京津冀综合税务服务网”功能，巩固税收服务京津冀协同发展成果。|深化国税地税联合办税，联合开展遵从合作、风险提示等大企业纳税服务工作。|优化房地产交易税收服务，落实房地产交易税收服务和管理指引要求，推进部门信息共享，减少信息重复录入及复核时间，探索实行同城通办或房地产管理部门、不动产登记部门与税务部门业务联办，为纳税人提供更加便捷的服务。|加大实名办税推行力度，线上线下采集纳税人及其代理人身份等信息，强化与业务系统无缝对接。|2|3||||专业技能 P76 17.加强缴税方式技术支撑。加强POS机、网上银行、手机银行等多元化缴税方式技术支撑(2017年底前实施)。试点居民企业网上代扣代缴非居民企业所得税(2017年底前实施)。18.深化国税地税联合办税。全面整合国家税务局、地方税务局服务资源，推广办税服务厅“一窗一人”国税地税联合办税服务模式，实现涉税业务一窗办理(2017年9月底前实施)。联合开展遵从合作、风险提示等大企业专业技能工作(2017年3月初启动)。19.扩大社会合作范围。充分利用银行、社区、街道等网格化网点，在银行自助服务区和街道办事处等地配置24小时自助办税服务设备，延伸24小时自助办税服务(2017年底前实施)。逐步委托邮政等机构代开发票、代征税款(2017年6月底前启动)。对接现代物流实现涉税业务文书和纸质发票线上线下（O2O）配送或约时定点领取服务(2017年9月底前实施)。20.服务国家发展战略。结合“走出去”纳税人需求，继续落实和完善服务“一带一路”战略的各项税收举措（2017年底前实施）。不断优化完善“京津冀综合税务服务网”功能，巩固税收服务京津冀协同发展成果（2017年底前实施）。深化长江经济带税收信息共享平台数据应用，探索创新税收征管服务举措（2017年底前实施）。创新自由贸易试验区发展的服务措施(2017年9月底前实施)|专业技能 P76 17.加强缴税方式技术支撑。加强POS机、网上银行、手机银行等多元化缴税方式技术支撑(2017年底前实施)。试点居民企业网上代扣代缴非居民企业所得税(2017年底前实施)。18.深化国税地税联合办税。全面整合国家税务局、地方税务局服务资源，推广办税服务厅“一窗一人”国税地税联合办税服务模式，实现涉税业务一窗办理(2017年9月底前实施)。联合开展遵从合作、风险提示等大企业专业技能工作(2017年3月初启动)。19.扩大社会合作范围。充分利用银行、社区、街道等网格化网点，在银行自助服务区和街道办事处等地配置24小时自助办税服务设备，延伸24小时自助办税服务(2017年底前实施)。逐步委托邮政等机构代开发票、代征税款(2017年6月底前启动)。对接现代物流实现涉税业务文书和纸质发票线上线下（O2O）配送或约时定点领取服务(2017年9月底前实施)。20.服务国家发展战略。结合“走出去”纳税人需求，继续落实和完善服务“一带一路”战略的各项税收举措（2017年底前实施）。不断优化完善“京津冀综合税务服务网”功能，巩固税收服务京津冀协同发展成果（2017年底前实施）。深化长江经济带税收信息共享平台数据应用，探索创新税收征管服务举措（2017年底前实施）。创新自由贸易试验区发展的服务措施(2017年9月底前实施)
国家税务总局决定，2017年继续开展“春风行动”，以下有关措施属于2017年“春风行动”行动内容的是（    ）。|取消增值税专用发票和机动车销售统一发票认证，简化办税流程，减轻纳税人和基层税务机关负担。|通过移动互联网为纳税人实时提供办税服务厅等候人数、已办理人数等排队信息，方便纳税人合理选择办税地点，提高办税效率。|加大实名办税推行力度，线上线下采集纳税人及其代理人身份等信息，强化与业务系统无缝对接，针对实名办税纳税人开展个性化服务，减少资料重复报送，加强内部风险管控和外部结果推送，完善“登记、办税、服务、管理”全过程实名制。|持续扩大“银税互动”受惠面，将守信个体工商户和其他类型纳税人纳入“银税互动”受惠范围。|落实二维码一次性告知制度，以《全国税务机关纳税服务规范》等规范为基础，实现纳税人基础办税流程、报送资料、办理时限等一次性电子化告知。|2|3|4|||专业技能 P73-76 错误选项不在2017年"春风行动"内容中|专业技能 P73-76 错误选项不在2017年"春风行动"内容中
2014年—2017年，国家税务总局分别以（    ）为主题连续开展了“便民办税春风行动”。|提速|规范|改革·合作|便民·创新|提升·创响|1|2|3|5||专业技能 P74 第一章（四）创响服务品牌需要“春风行动”久久为功。近三年开展的“春风行动”在全国范围内实现了办税全面提速、服务全面规范、合作全面深化，打造了税务服务特色品牌，树立了税务部门良好形象。各级税务机关要从纳税人期望出发，认真梳理和总结历年“春风行动”中的便民办税有效措施，通过开展“春风行动”持续推出一批可借鉴、可复制、可推广的经验做法，切实实现成果转化，让税务机关服务品牌更响、管理效能更优、社会形象更佳|专业技能 P74 第一章（四）创响服务品牌需要“春风行动”久久为功。近三年开展的“春风行动”在全国范围内实现了办税全面提速、服务全面规范、合作全面深化，打造了税务服务特色品牌，树立了税务部门良好形象。各级税务机关要从纳税人期望出发，认真梳理和总结历年“春风行动”中的便民办税有效措施，通过开展“春风行动”持续推出一批可借鉴、可复制、可推广的经验做法，切实实现成果转化，让税务机关服务品牌更响、管理效能更优、社会形象更佳
2017年度“便民办税春风行动”工作要求，包括（     ）。|加强目标细化|加强组织协调|加强创新引领|加强宣传报道|加强督促检查|2|3|4|5||专业技能 P77 工作要求：一、了解加强组织协调；二、了解加强创新引领；三、了解加强宣传报道；四、了解加强督促检查|专业技能 P77 工作要求：一、了解加强组织协调；二、了解加强创新引领；三、了解加强宣传报道；四、了解加强督促检查
2017年度“便民办税春风行动”对深化国地税联合办税提出了新的举措，以下属于总局关于开展2017年“便民办税春风行动”意见中提及的深化国税地税联合办税的措施的是（      ）。|按照税务总局要求，细化实施方案，强化责任落实，确保《国家税务局 地方税务局合作规范（2.0版）》有效落地。|全面整合国家税务局、地方税务局服务资源，推广办税服务厅“一窗一人”国税地税联合办税服务模式，实现涉税业务一窗办理|深度整合国税、地税办税服务厅资源，推行国税、地税互设窗口、共建办税服务厅、共驻政务服务中心。|国税、地税业务一厅办理，实现“前台一家受理、后台分别处理、限时办结反馈”服务模式，逐步使现有国税、地税办税服务厅成为联合对外提供办税服务的场所。|联合开展遵从合作、风险提示等大企业纳税服务工作。|2|5||||专业技能 P76 D选项错在一厅办理，应为一窗办理|专业技能 P76 D选项错在一厅办理，应为一窗办理
2017年度“便民办税春风行动”对减少办税等候时间提出了新的举措，以下属于总局关于开展2017年“便民办税春风行动”意见中提及的减少办税等候时间的措施的是（      ）。|通过移动互联网为纳税人实时提供办税服务厅等候人数、已办理人数等排队信息，方便纳税人合理选择办税地点，提高办税效率。|针对办税“波峰”“波谷”情况，在办税“波峰”期大力推行预约办税，提供网上、掌上等多渠道预约服务，减少办税服务厅排队等候时间。|通过调配人员或政府购买服务等方式增加办税服务厅等一线窗口人力资源。|合理简并纳税人申报纳税次数，实行小规模纳税人增值税按季申报。|优化房地产交易税收服务，落实房地产交易税收服务和管理指引要求，推进部门信息共享，减少信息重复录入及复核时间。|1|2|5|||专业技能 P74 第三章 一：1.减少办税等候时间。推进网上办税为主、自助和其他社会办税为辅、实体办税服务厅兜底的办税模式，让纳税人多走“网路”、少走“马路”（2017年9月底前实施）。通过移动互联网为纳税人实时提供办税服务厅等候人数、已办理人数等排队信息，方便纳税人合理选择办税地点，提高办税效率（2017年9月底前实施）。针对办税“波峰”“波谷”情况，在办税“波峰”期大力推行预约办税，提供网上、掌上等多渠道预约服务，减少办税服务厅排队等候时间（2017年底前实施）。优化房地产交易税收服务，落实房地产交易税收服务和管理指引要求，推进部门信息共享，减少信息重复录入及复核时间，探索由纳税人通过互联网、手机客户端或自助办税终端提前录入申报所需税源信息，探索实行同城通办或房地产管理部门、不动产登记部门与税务部门业务联办，为纳税人提供更加便捷的服务（2017年1月启动）。|专业技能 P74 第三章 一：1.减少办税等候时间。推进网上办税为主、自助和其他社会办税为辅、实体办税服务厅兜底的办税模式，让纳税人多走“网路”、少走“马路”（2017年9月底前实施）。通过移动互联网为纳税人实时提供办税服务厅等候人数、已办理人数等排队信息，方便纳税人合理选择办税地点，提高办税效率（2017年9月底前实施）。针对办税“波峰”“波谷”情况，在办税“波峰”期大力推行预约办税，提供网上、掌上等多渠道预约服务，减少办税服务厅排队等候时间（2017年底前实施）。优化房地产交易税收服务，落实房地产交易税收服务和管理指引要求，推进部门信息共享，减少信息重复录入及复核时间，探索由纳税人通过互联网、手机客户端或自助办税终端提前录入申报所需税源信息，探索实行同城通办或房地产管理部门、不动产登记部门与税务部门业务联办，为纳税人提供更加便捷的服务（2017年1月启动）。
2016年，总局将《国家税务局 地方税务局合作工作规范（2.0版）》升级为《国家税务局 地方税务局合作工作规范（3.0版）》，此次升级具有重要意义，包括（    ）。|升级合作规范是助力营改增和资源税改革的迫切需要|升级合作规范是深入落实征管体制改革方案的必然选择|升级合作规范是保障基层工作更有效开展的必要举措|升级合作规范是优化资源配置的迫切需要|升级合作规范是建设服务型政府的迫切需要|1|2|3|||专业技能 P77-78 第五篇（一）升级合作规范是助力营改增和资源税改革的迫切需要。（二）升级合作规范是深入落实征管体制改革方案的必然选择。（三）升级合作规范是保障基层工作更有效开展的必要举措。|专业技能 P77-78 第五篇（一）升级合作规范是助力营改增和资源税改革的迫切需要。（二）升级合作规范是深入落实征管体制改革方案的必然选择。（三）升级合作规范是保障基层工作更有效开展的必要举措。
国地税联合联合办理设立登记，“三证合一、一照一码”实施后，国地税双方对新设立纳税人（    ）保持一致。|纳税申报信息|税务登记户数|基础信息|涉税事项审批信息|财产登记信息|2|3||||专业技能 P80 最上面落实标准“三证合一、一照一码”实施后，双方对新设立纳税人税务登记户数和基础信息保持一致。|专业技能 P80 最上面落实标准“三证合一、一照一码”实施后，双方对新设立纳税人税务登记户数和基础信息保持一致。
国地税合作工作规范要求，建设国税、地税统一的移动互联纳税服务应用系统，为纳税人提供移动互联纳税服务。移动互联纳税服务应用系统应当实现资讯、（    ）等五项功能。|互动|办税|查询|维权|咨询|1|2|3|4||专业技能 P84 七：(一）移动互联专业技能系统应当实现资讯、互动、办税、查询、维权五项功能。其中E选项错在是资讯不是咨询|专业技能 P84 七：(一）移动互联专业技能系统应当实现资讯、互动、办税、查询、维权五项功能。其中E选项错在是资讯不是咨询
国地税合作工作规范要求，2017年年底前建成国地税双方业务（     ）、融合国家税务局、地方税务局的电子税务局。|标识统一|流程统一 |操作统一|口径统一|界面统一|1|2|3|||专业技能 P83 六：（一）共同提供“互联网+税务”服务产品，完善网上办税平台服务功能，实现纳税人登录一个平台，办理两家业务。在此基础上，逐步建成标识统一、流程统一、操作统一，融合双方业务的电子税务局。|专业技能 P83 六：（一）共同提供“互联网+税务”服务产品，完善网上办税平台服务功能，实现纳税人登录一个平台，办理两家业务。在此基础上，逐步建成标识统一、流程统一、操作统一，融合双方业务的电子税务局。
《国家税务局 地方税务局合作工作规范（3.0版）》的合作事项包括（     ）等四大类。|服务深度融合|执法适度整合|信息高度聚合|管理适度互鉴|其他合作事项|1|2|3|5||专业技能 P79-109 每章主题综合|专业技能 P79-109 每章主题综合
国地税合作工作规范要求国地税部门利用共享涉税信息，提升数据质量，开展风险管理，强化征收管理，优化纳税服务，提供决策支持，包括开展（    ）等方面的应用。|风险识别分析|经济税收分析|协同监督管理|合作执法检查|协同数据分析|1|2|3|||专业技能 P107 三、掌握共享涉税信息的应用的（二）合作方式利用共享数据开展风险识别分析、经济税收分析、协同监督管理等方面的应用。|专业技能 P107 三、掌握共享涉税信息的应用的（二）合作方式利用共享数据开展风险识别分析、经济税收分析、协同监督管理等方面的应用。
根据《国家税务局 地方税务局合作工作规范（3.0版）》规定，协同开展风险应对应按照（    ）的原则，提取风险数据，确定高风险纳税人，及时交换高风险纳税人名单及风险点信息，依据风险特征库、风险分析模型、风险识别指标以及风险应对预案，统筹确定应对方式、安排应对合作部门，共同开展风险应对工作。|统一信息采集|统一项目分析|统一数据口径|统一发布平台|统一制定指标|1|2|3|4||专业技能 P98 九：（三）合作流程按照“统一信息采集、统一项目分析、统一数据口径、统一发布平台”的原则，提取风险数据，确定高风险纳税人，及时交换高风险纳税人名单及风险点信息，依据风险特征库、风险分析模型、风险识别指标以及风险应对预案，统筹确定应对方式、安排应对合作部门，共同开展风险应对工作。|专业技能 P98 九：（三）合作流程按照“统一信息采集、统一项目分析、统一数据口径、统一发布平台”的原则，提取风险数据，确定高风险纳税人，及时交换高风险纳税人名单及风险点信息，依据风险特征库、风险分析模型、风险识别指标以及风险应对预案，统筹确定应对方式、安排应对合作部门，共同开展风险应对工作。
对已纳入“三证合一、一照一码”登记范围的纳税人，按照“一照一码”登记制度办理税务登记，国税、地税与工商、质监部门实现（     ）。|一表申请|一窗受理|一企一码|一照通用|多网互联|1|2|3|4||专业技能 P79 第一章、一：合作目标（一）对已纳入“三证合一、一照一码”登记范围的纳税人，按照“一照一码”登记制度办理税务登记，国税、地税与工商、质监部门实现“一表申请、一窗受理、一企一码、一网互联、一照通用”。其中E选项错在一网互联而不是多网互联|专业技能 P79 第一章、一：合作目标（一）对已纳入“三证合一、一照一码”登记范围的纳税人，按照“一照一码”登记制度办理税务登记，国税、地税与工商、质监部门实现“一表申请、一窗受理、一企一码、一网互联、一照通用”。其中E选项错在一网互联而不是多网互联
