Question|Option1|Option2|Option3|Option4|Option5|Answer1|Answer2|Answer3|Answer4|Answer5|Notes|xNotes
2012年11月29日，习近平率中共中央政治局常委到国家博物馆参观《复兴之路》基本陈列并发表重要讲话。习近平指出，（    ）就是中华民族近代最伟大的中国梦。|实现中华民族的伟大复兴|国强民富|人均GDP赶上并超过发达国家|中国崛起||1|||||教材P29：习近平指出，实现中华民族的伟大复兴，就是中华民族近代最伟大的中国梦。|教材P29：习近平指出，实现中华民族的伟大复兴，就是中华民族近代最伟大的中国梦。
走中国特色社会主义政治发展道路，必须坚持党的领导、人民当家作主、依法治国有机统一。对此，下列说法错误的是（    ）。|党的领导是人民当家作主和依法治国的根本保证|人民当家作主是社会主义民主政治的本质和核心|依法治国是党领导人民治理国家的基本方略|走中国特色社会主义政治发展道路必须参照西方模式不断修正||4||||||
2012年11月，党的十八大胜利召开，选举产生了以习近平为总书记的中央领导集体，提出了（     ）的战略任务。|实现中国梦|全面建成小康社会、夺取中国特色社会主义新胜利|人均GDP翻两番|五个全面||2|||||教材P29：2012年11月，党的十八大胜利召开，选举产生了以习近平为总书记的中央领导集体，提出了全面建成小康社会、夺取中国特色社会主义新胜利的战略任务。|教材P29：2012年11月，党的十八大胜利召开，选举产生了以习近平为总书记的中央领导集体，提出了全面建成小康社会、夺取中国特色社会主义新胜利的战略任务。
党的（    ）绘就全面依法治国新蓝图，为法治中国建设标定新的里程碑。|十八届二中全会|十八届三中全会|十八届四中全会|十八届五中全会||3|||||教材P36：党的十八届四中全会绘就全面依法治国新蓝图，为法治中国建设标定新的里程碑。|教材P36：党的十八届四中全会绘就全面依法治国新蓝图，为法治中国建设标定新的里程碑。
在2014年度全国税务工作会议上， 国家税务总局党组书记、局长王军代表总局党组提出到（     ）年实现税收现代化的奋斗目标。|2020|2025|2030|2035||1|||||教材P38：在2014年度全国税务工作会议上， 国家税务总局党组书记、局长王军代表总局党组提出到2020年实现税收现代化的奋斗目标。|教材P38：在2014年度全国税务工作会议上， 国家税务总局党组书记、局长王军代表总局党组提出到2020年实现税收现代化的奋斗目标。
党的十八届四中全会《决定》强调“坚持依法治国和以德治国相结合”。以下相关表述不正确的是（    ）。|国家和社会治理需要法律和道德共同发挥作用|法律主要发挥教化作用，道德主要发挥规范作用|强化法律对道德建设的促进作用，强化道德对法治文化的支撑作用|实现法律和道德相辅相成、法治和德治相得益彰。||2||||||
《中国共产党廉洁自律准则》明确了党员领导干部廉洁自律规范，第六条强调，廉洁用权，（    ） 。|自觉保持人民公仆本色           |自觉维护人民根本利益|自觉提升思想道德境界           |自觉带头树立良好家风||2|||||教材P46：第六条　廉洁用权，自觉维护人民根本利益。|教材P46：第六条　廉洁用权，自觉维护人民根本利益。
实施党纪处分，应当按照规定程序经党组织集体讨论决定，不允许任何个人或者少数人决定和批准。上级党组织对违犯党纪的党组织和党员作出的处理决定，下级党组织必须执行。以上表述概括的是下列那一项原则?（   ）|党员在党纪面前人人平等原则|实事求是原则|党要管党、从严治党原则|民主集中制原则||4|||||教材P57：（四）民主集中制。实施党纪处分，应当按照规定程序经党组织集体讨论决定，不允许任何个人或者少数人擅自决定和批准。上级党组织对违犯党纪的党组织和党员作出的处理决定，下级党组织必须执行。|教材P57：（四）民主集中制。实施党纪处分，应当按照规定程序经党组织集体讨论决定，不允许任何个人或者少数人擅自决定和批准。上级党组织对违犯党纪的党组织和党员作出的处理决定，下级党组织必须执行。
经查，某市税务局局长李某同时存在两种《中国共产党纪律处分条例》规定的违纪行为，按照规定应分别给予其警告和严重警告处分，最后组织决定应给予李某的处分为（   ）。|警告|严重警告|撤销党内职务|留党察看||3|||||教材P58：一人有《条例》规定的两种以上（含两种） 应当受到党纪处分的违纪行为，应当合并处理，按其数种违纪行为中应当受到的最高处分加重一档给予处分（党纪处分的种类依次为警告、严重警告、撤销党内职务、留党察看、开除党籍）。|教材P58：一人有《条例》规定的两种以上（含两种） 应当受到党纪处分的违纪行为，应当合并处理，按其数种违纪行为中应当受到的最高处分加重一档给予处分（党纪处分的种类依次为警告、严重警告、撤销党内职务、留党察看、开除党籍）。
对行政机关公务员政纪处分的种类是（    ）。|严重警告|降级|免职|辞退||2|||||教材P56：对行政机关公务员政纪处分的种类：警告、记过、记大过、降级、撤职、开除。|教材P56：对行政机关公务员政纪处分的种类：警告、记过、记大过、降级、撤职、开除。
问责应当分清责任。党组织领导班子在职责范围内负有（    ）。 |全面领导责任|主要领导责任|重要领导责任|直接领导责任||1|||||教材P44：党组织领导班子在职责范围内负有全面领导责任。|教材P44：党组织领导班子在职责范围内负有全面领导责任。
不属于徇私舞弊不征、少征税款罪的立案标准的是（    ）|徇私舞弊不征、少征应征税款，致使国家税收损失累计达10万元以上的。|上级主管部门工作人员指使税务机关工作人员徇私舞弊不征、少征应征税款， 致使国家税收损失累计达15万元以上的。|上级主管部门工作人员指使税务机关工作人员徇私舞弊不征、少征应征税款， 致使国家税收损失累计达10万元以上的。|徇私舞弊不征、少征应征税款不满10万元， 但具有索取或者收受贿赂或者其他恶劣情节的。||2|||||教材P66：徇私舞弊不征、少征税款罪的立案标准1．徇私舞弊不征、少征应征税款，致使国家税收损失累计达10万元以上的；2．上级主管部门工作人员指使税务机关工作人员徇私舞弊不征、少征应征税款， 致使国家税收损失累计达10万元以上的；3．徇私舞弊不征、少征应征税款不满10 万元，但具有索取或者收受贿赂或者其他恶劣情节的；4．其他致使国家税收遭受重大损失的情形。|教材P66：徇私舞弊不征、少征税款罪的立案标准1．徇私舞弊不征、少征应征税款，致使国家税收损失累计达10万元以上的；2．上级主管部门工作人员指使税务机关工作人员徇私舞弊不征、少征应征税款， 致使国家税收损失累计达10万元以上的；3．徇私舞弊不征、少征应征税款不满10 万元，但具有索取或者收受贿赂或者其他恶劣情节的；4．其他致使国家税收遭受重大损失的情形。
公文的主送机关是（   ）|有隶属关系的上级机关|受理公文的机关|收文机关|需要了解公文内容的机关||2|||||教材P70：主送机关：公文的主要受理机关。|教材P70：主送机关：公文的主要受理机关。
电报中的“加急”适用于（   ）日内要办的较急事项。|1|2|4|6||3|||||教材P69：电报中的“加急”适用于4日内要办的较急事项。|教材P69：电报中的“加急”适用于4日内要办的较急事项。
公文首页必须显示（   ）。|主送机关|发文机关署名|正文|成文日期||3|||||教材P70：公文首页必须显示正文。|教材P70：公文首页必须显示正文。
以下情况，不适用于“通报”的是（   ）|××市税务局告知各区县分局机构发生变更|张某在值班过程中擅自离岗，给单位造成重大损失，被批评|小李在营改增项目培训中表现优秀，被××市税务局表扬|××市税务局向各区县分局传达“中国女排”重要精神||1|||||教材P68：通知，适用于发布、传达要求下级机关执行和有关单位周知或者执行的事项，批转、转发公文。通报，适用于表彰先进，批评错误，传达重要精神和告知重要情况。通报分为表扬性通报、批评性通报和情况通报。|教材P68：通知，适用于发布、传达要求下级机关执行和有关单位周知或者执行的事项，批转、转发公文。通报，适用于表彰先进，批评错误，传达重要精神和告知重要情况。通报分为表扬性通报、批评性通报和情况通报。
非正式沟通的优点是（   ）|沟通速度快|沟通的约束力大|沟通的意见常被歪曲|接受的一方对沟通意见参与的机会较少||1|||||教材P79：非正式沟通的优点是沟通速度快。|教材P79：非正式沟通的优点是沟通速度快。
公务礼仪的基本准则不包括（   ）|尊重|热情|对等|适度||2|||||教材P84：公务礼仪必须遵守以下基本准则：一是尊重准则，二是自律准则，三是适度准则，四是对等准则。|教材P84：公务礼仪必须遵守以下基本准则：一是尊重准则，二是自律准则，三是适度准则，四是对等准则。
税收最基本的职能是（   ）。|财政职能|调节职能|监督职能|惩治职能||1|||||教材P86：税收具有三种职能：财政职能、调节职能、监督职能。其中财政职能是最基本的。|教材P86：税收具有三种职能：财政职能、调节职能、监督职能。其中财政职能是最基本的。
根据《中华人民共和国增值税暂行条例实施细则》的规定，小规模纳税人的标准为：从事货物生产或者提供应税劳务的纳税人，以及以从事货物生产或者提供应税劳务为主，并兼营货物批发或者零售的纳税人，年应征增值税销售额在（   ）以下（含本数）的。|50万元|80万元|200万元|500万元||1|||||教材P87：根据《中华人民共和国增值税暂行条例实施细则》（以下简称《增值税暂行条例实施细则》）的规定，小规模纳税人的标准为：从事货物生产或者提供应税劳务的纳税人，以及以从事货物生产或者提供应税劳务为主（指纳税人的年货物生产或者提供应税劳务的销售额占年应税销售额的比重在50%以上），并兼营货物批发或者零售的纳税人，年应征增值税销售额（以下简称年应税销售额）在50万元以下（含本数）的；除上述规定以外的纳税人，年应税销售额在80万元以下的。|教材P87：根据《中华人民共和国增值税暂行条例实施细则》（以下简称《增值税暂行条例实施细则》）的规定，小规模纳税人的标准为：从事货物生产或者提供应税劳务的纳税人，以及以从事货物生产或者提供应税劳务为主（指纳税人的年货物生产或者提供应税劳务的销售额占年应税销售额的比重在50%以上），并兼营货物批发或者零售的纳税人，年应征增值税销售额（以下简称年应税销售额）在50万元以下（含本数）的；除上述规定以外的纳税人，年应税销售额在80万元以下的。
某企业当月购进二批农产品，其中一批为向一般纳税人购进，取得的增值税专用发票上注明金额30000元，税率13%，税额3900元。另一批是向一农业生产企业（小规模纳税人）购进，取得农产品销售发票上注明的农产品买价为26442元。则该企业当月的增值税进项税额为（   ）元。|6544.2|7337.46|7742|6942||2|||||3900+26442*13%=7337.46|3900+26442*13%=7337.46
纳税人销售货物或者应税服务适用免税规定的，可以放弃免税，依照规定缴纳增值税。放弃免税后，（   ）内不得再申请免税。|12个月|24个月|36个月|48个月||3|||||教材P91、《财政部 国家税务总局关于全面推开营业税改征增值税试点的通知》（财税〔2016〕36号）附件一第48条：纳税人发生应税行为适用免税、减税规定的，可以放弃免税、减税，依照本办法的规定缴纳增值税。放弃免税、减税后，36个月内不得再申请免税、减税。|教材P91、《财政部 国家税务总局关于全面推开营业税改征增值税试点的通知》（财税〔2016〕36号）附件一第48条：纳税人发生应税行为适用免税、减税规定的，可以放弃免税、减税，依照本办法的规定缴纳增值税。放弃免税、减税后，36个月内不得再申请免税、减税。
一般纳税人开具增值税专用发票后，发生销货退回、开票有误、应税服务中止以及发票抵扣联、发票联均无法认证等情形但不符合作废条件，或者因销货部分退回及发生销售折让，可以（   ）。|申请开具红字专用发票|重新开具专用发票|申请开具蓝字专用发票|申请专用发票作废||1|||||教材P96：一般纳税人开具增值税专用发票后，发生销货退回、开票有误、应税服务中止以及发票抵扣联、发票联均无法认证等情形但不符合作废条件，或者因销货部分退回及发生销售折让，可以申请开具红字专用发票。|教材P96：一般纳税人开具增值税专用发票后，发生销货退回、开票有误、应税服务中止以及发票抵扣联、发票联均无法认证等情形但不符合作废条件，或者因销货部分退回及发生销售折让，可以申请开具红字专用发票。
出口环节免征增值税，相应的进项税额抵减内销应纳增值税额（不包括适用增值税即征即退、先征后退政策的应纳增值税额），未抵减完的部分予以退还。这种办法叫做（   ）。|免退税办法|免抵退税办法|免税办法|征免税办法||2|||||教材P93：免抵退税办法是指出口环节免征增值税，相应的进项税额抵减内销应纳增值税额（不包括适用增值税即征即退、先征后退政策的应纳增值税额），未抵减完的部分予以退还。|教材P93：免抵退税办法是指出口环节免征增值税，相应的进项税额抵减内销应纳增值税额（不包括适用增值税即征即退、先征后退政策的应纳增值税额），未抵减完的部分予以退还。
下列应税消费品中，适用从价与从量复合计税办法的是（   ）|烟丝|白酒|成品油|小汽车|电池|2|||||教材P97：现行消费税的征税范围中，只有卷烟、白酒采用复合计征方法。|教材P97：现行消费税的征税范围中，只有卷烟、白酒采用复合计征方法。
房产税采用比例税率，下列税率中，不是房产税税率的是（   ）。|0.4%|1.2%|4%|12%||1|||||教材P115、《中华人民共和国房产税暂行条例》第四条：房产税的税率，依照房产余值计算缴纳的，税率为1.2%；依照房产租金收入计算缴纳的，税率为12%。《财政部、国家税务总局关于廉租住房、经济适用住房和住房租赁有关税收政策的通知》（财税〔2008〕24号）第二条：（三）对个人出租住房，不区分用途，在3%税率的基础上减半征收营业税，按4%的税率征收房产税，免征城镇土地使用税。（四）对企事业单位、社会团体以及其他组织按市场价格向个人出租用于居住的住房，减按4％的税率征收房产税。|教材P115、《中华人民共和国房产税暂行条例》第四条：房产税的税率，依照房产余值计算缴纳的，税率为1.2%；依照房产租金收入计算缴纳的，税率为12%。《财政部、国家税务总局关于廉租住房、经济适用住房和住房租赁有关税收政策的通知》（财税〔2008〕24号）第二条：（三）对个人出租住房，不区分用途，在3%税率的基础上减半征收营业税，按4%的税率征收房产税，免征城镇土地使用税。（四）对企事业单位、社会团体以及其他组织按市场价格向个人出租用于居住的住房，减按4％的税率征收房产税。
城镇土地使用税采用的是（   ）|幅度等级定额税率 |比例税率|超额累进税率|定额税率+比例税率||1|||||教材P117：城镇土地使用税采用的是幅度等级定额税率。|教材P117：城镇土地使用税采用的是幅度等级定额税率。
关于耕地占用税的说法中，以下表述错误的是（   ）。|占用耕地建房或者从事非农业建设的单位或者个人，为耕地占用税的纳税人|耕地占用税以纳税人实际占用的耕地面积为计税依据，包括经批准占用的耕地面积和未经批准占用的耕地面积|未经批准占用耕地的，耕地占用税纳税义务发生时间为发现纳税人占用耕地的当天|纳税人改变占地用途，不再属于免税或减税情形的，应当自改变用途之日起３０日内按改变用途的实际占用耕地面积和当地适用税额补缴税款||3|||||教材P121|教材P121
契税的纳税义务发生时间，为（   ）|纳税人签订土地、房屋权属转移合同的当天，或者纳税人取得其他具有土地、房屋权属转移合同性质凭证的当天。|纳税人在房地产交易中心办理土地、房屋权属过户的当天|纳税人购买土地房屋价款支付完毕的当天|纳税人实际取得土地的当天或实际交付房屋的当天||1|||||教材P123：契税的纳税义务发生时间，为纳税人签订土地、房屋权属转移合同的当天，或者纳税人取得其他具有土地、房屋权属转移合同性质凭证的当天。|教材P123：契税的纳税义务发生时间，为纳税人签订土地、房屋权属转移合同的当天，或者纳税人取得其他具有土地、房屋权属转移合同性质凭证的当天。
契税税率为（    ）。契税的适用税率，由省、自治区、直辖市人民政府在前款规定的幅度内按照本地区的实际情况确定，并报财政部和国家税务总局备案。|3%-5%|1%-7%|3%-17%|1%-3%||1|||||教材P122：契税税率为3%～5%。契税的适用税率，由省、自治区、直辖市人民政府在前款规定的幅度内按照本地区的实际情况确定，并报财政部和国家税务总局备案。|教材P122：契税税率为3%～5%。契税的适用税率，由省、自治区、直辖市人民政府在前款规定的幅度内按照本地区的实际情况确定，并报财政部和国家税务总局备案。
下列收入中，不属于不征税收入的是（   ）。|国债利息收入|财政拨款|依法收取并纳入财政管理的行政事业收费|依法收取并纳入财政管理的政府性基金||1|||||教材P101-P102、企业所得税法第七条：收入总额中的下列收入为不征税收入：（一）财政拨款；（二）依法收取并纳入财政管理的行政事业性收费、政府性基金；（三）国务院规定的其他不征税收入。|教材P101-P102、企业所得税法第七条：收入总额中的下列收入为不征税收入：（一）财政拨款；（二）依法收取并纳入财政管理的行政事业性收费、政府性基金；（三）国务院规定的其他不征税收入。
下列属于企业所得税视同销售收入的是（   ）。|房地产企业将自己开发的房产用于经营酒店|生产企业用价值300万元的自产产品抵偿供应商欠款|砖瓦厂用自产砖修建本单位办公楼|汽车制造厂将自产汽车用于本企业管理部门使用||2|||||教材P101、企业所得税法实施条例第25条：企业发生非货币性资产交换，以及将货物、财产、劳务用于捐赠、偿债、赞助、集资、广告、样品、职工福利或者利润分配等用途的，应当视同销售货物、转让财产或者提供劳务，但国务院财政、税务主管部门另有规定的除外。|教材P101、企业所得税法实施条例第25条：企业发生非货币性资产交换，以及将货物、财产、劳务用于捐赠、偿债、赞助、集资、广告、样品、职工福利或者利润分配等用途的，应当视同销售货物、转让财产或者提供劳务，但国务院财政、税务主管部门另有规定的除外。
企业发生的公益性捐赠支出，在年度（    ）的12%以内的部分，准予在计算应纳税所得额时扣除。|年度营业收入总额|年度营业利润总额|年度会计利润总额|扣除捐赠前的应纳税所得额总额||3|||||教材P102、企业所得税法第九条、企业所得税法实施条例第53条：企业发生的公益性捐赠支出，在年度会计利润总额12%以内的部分，准予在计算应纳税所得额时扣除。|教材P102、企业所得税法第九条、企业所得税法实施条例第53条：企业发生的公益性捐赠支出，在年度会计利润总额12%以内的部分，准予在计算应纳税所得额时扣除。
甲公司2015年度实现销售收入8000万元，全年实现会计利润500万元。已知甲公司2015年度发生业务招待费100万元。假设不存在其他的纳税调整事项，那么甲公司当年的应纳税所得额应当（    ）。|调增40万元|调减40万元|调增60万元|调减60万元||3|||||教材P102、企业所得税法实施条例第43条：企业发生的与生产经营活动有关的业务招待费支出，按照发生额的60%扣除，但最高不得超过当年销售(营业)收入的5‰。100*60%=608000*5‰=40取较小值40100-40=60，应纳税所得额应调增60万元。|教材P102、企业所得税法实施条例第43条：企业发生的与生产经营活动有关的业务招待费支出，按照发生额的60%扣除，但最高不得超过当年销售(营业)收入的5‰。100*60%=608000*5‰=40取较小值40100-40=60，应纳税所得额应调增60万元。
关于企业所得税法规定的税收优惠政策，下面说法中错误的是（   ）。|对符合条件的小型微利企业，减按15%的税率征收|安置残疾人员的企业，所支付的工资可以在计算应纳税所得额时加计扣除|创业投资企业从事国家鼓励的创业投资，可以按投资额的一定比例抵扣应纳税所得额|企业综合利用资源，生产符合国家产业政策规定的产品所取得的收入，可以在计算应纳税所得额时减计收入||1|||||符合条件的小型微利企业，减按20%的税率征收企业所得税|符合条件的小型微利企业，减按20%的税率征收企业所得税
对于企业为投资者或者职工支付的补充养老保险费、补充医疗保险费在企业所得税前扣除的说法，下列说法正确的是（    ）。|可以据实全额扣除|在国务院财政、税务主管部门规定的范围和标准内，准予扣除|允许扣除的保险费还包括为特殊工种职工支付的财产安全保险费|一律不得扣除||2||||||
个体工商户A在2015年度全年实现的收入为100万元；全年花费的成本费用总计80万元，其中包括自己的工资每月10000元和7月由于违规经营被工商局处以的罚款5000元。那么A当年的应纳税所得额和应当缴纳的个人所得税分别为（    ）。|205000元，57000元|278000元，82550元|283000元，84300元|325000元，99000元||3|||||应纳税所得额=1000000-（800000-10000*12-5000+3500*12）=283000元个人所得税=283000*35%-14750=84300元|应纳税所得额=1000000-（800000-10000*12-5000+3500*12）=283000元个人所得税=283000*35%-14750=84300元
达到离休、退休年龄，但因工作需要，适当延长离休、退休年龄的高级专家，其在延长离休、退休年龄期间的工资、薪金所得，按税法规定，下列说法正确的是（    ）。|视同离休、退休工资免征个人所得税|就其全部工资、薪金所得减除费用后按工资、薪金所得征税|只就其超过离休、退休工资的部分征税|按劳务报酬所得征税||1||||||
下列有关印花税税收优惠的说法中，错误的是（    ）。|已缴纳印花税的凭证的副本或者抄本免征印花税|财产所有人将财产赠给政府、社会福利单位、学校所立的书据免征印花税|对个人销售或购买不动产暂免征收印花税|对个人出租、承租住房签订的租赁合同，暂免征印花税||3|||||对个人销售或购买住房暂免征收印花税|对个人销售或购买住房暂免征收印花税
关于房地产开发企业计算土地增值税的扣除项目，下列说法错误的是（    ）。|取得土地使用权所支付的金额|开发土地和新建房及配套设施的成本|房地产开发费用，简按A、B两项的5%计算扣除|其他扣除项目，按A、B两项金额之和加计扣除20%||3|||||其他房地产开发费用，在按照“取得土地使用权所支付的金额”与“房地产开发成本”金额之和的5%以内计算扣除|其他房地产开发费用，在按照“取得土地使用权所支付的金额”与“房地产开发成本”金额之和的5%以内计算扣除
某贸易企业2015年9月转让一栋仓库，取得转让收入600万元，缴纳相关税费共计40万元。该仓库原造价200万元，重置成本为800万，经评估仓库为五成新。则企业转让仓库应缴纳土地增值税（   ）万元|46.5|48|60|0||2|||||仓库经重置成本评估为五成新，则扣除成本为800*50%=400万增值额=600-（400+40）=160万增值额/扣除项目=160/440=0.363<50%根据土地增值税税率表，适用税率30%，速算扣除数0。土地增值税应纳税额=增值额*适用税率-扣除项目*速算扣除数=160*30%-440*0=48万|仓库经重置成本评估为五成新，则扣除成本为800*50%=400万增值额=600-（400+40）=160万增值额/扣除项目=160/440=0.363<50%根据土地增值税税率表，适用税率30%，速算扣除数0。土地增值税应纳税额=增值额*适用税率-扣除项目*速算扣除数=160*30%-440*0=48万
土地增值税的纳税人应当自转让房地产合同签订之日起（   ）日内向房地产所在地主管税务机关办理纳税申报，并在税务机关核定的期限内缴纳土地增值税。|7|15|30|60||1||||||
下列情况中主管税务机关可要求纳税人进行土地增值税清算的是（   ）。|已竣工验收的房地产开发项目，已转让的房地产建筑面积占整个项目可售建筑面积的比例在80%以上|已竣工验收的房地产开发项目，已转让的房地产建筑面积占整个项目可售建筑面积的比例虽未超过80%，但剩余的可售建筑面积已经出租或自用的|取得销售（预售）许可证满2年仍未销售完毕的|纳税人申请注销税务登记但未办理土地增值税清算手续的||4||||||
根据规定，可以实行简易申报、简并征期申报纳税方式的纳税人是（   ）。|实行查账征收的纳税人|实行查定征收的纳税人|实行定期定额征收的纳税人|实行查验征收的纳税人||3||||||
纳税人当期的货币资金在扣除应付职工工资、社会保险费用后，不足以缴纳税款时，可以按照规定的程序向税务机关申请办理（    ）。|豁免应纳税款|减征应纳税款|延期办理纳税申报|延期缴纳税款||4||||||
2017年4月税务机关在对B公司2011年度的纳税情况实施税务检查时，查实该公司在该年度的账簿上隐匿销售收入少缴税款182540元。下列正确的说法是（    ）。|不再予以追征税款、滞纳金和行政处罚|不再予以行政处罚，但仍应追征税款和滞纳金|不再予以追征税款和滞纳金，但仍应予以行政处罚|仍应追征税款、滞纳金和行政处罚||2||||||
下列有关纳税申报的说法，不符合《税收征收管理法》规定的是（     ）。|纳税人在纳税期内没有应纳税款的，也应当按照规定办理纳税申报|纳税人享受减税、免税待遇的，在减税、免税期间也应当按照规定办理纳税申报。|纳税人、扣缴义务人延期办理纳税申报或者报送代扣代缴、代收代缴税款报告表的审批权限，为县以上经税务局（分局）局长|纳税人采取邮寄方式办理纳税申报的，以寄出的邮戳日期为实际申报日期||3|||||计划单列市国家税务局、地方税务局可以参照税收征管法第三十一条第二款的批准权限，审批纳税人延期缴纳税款。|计划单列市国家税务局、地方税务局可以参照税收征管法第三十一条第二款的批准权限，审批纳税人延期缴纳税款。
纳税人因对税务机关作出的下列行政行为有异议而发生争议，可以申请行政复议，也可以直接向人民法院提起诉讼的是（   ）。|罚款|确定征收范围|确定退税数额|加收滞纳金||1||||||
根据立法法，下列说法错误的是（    ）。|授权决定应当明确授权的目的、事项、范围、期限|授权决定应当明确被授权机关实施授权决定应当遵循的原则|授权的期限不得超过5年|被授权机关应在授权期满前3 个月，向授权机关报告授权实施情况||4|||||授权的期限不得超过5年，被授权机关应在授权期满前6个月，向授权机关报告授权实施情况|授权的期限不得超过5年，被授权机关应在授权期满前6个月，向授权机关报告授权实施情况
我国法律规定税务行政赔偿的责任主体是（   ）。|国家          |各级政府财政  |行政机关      |执法人员||1||||||
根据《国家赔偿法》规定，税务行政赔偿的义务主体是（    ）。|国家                             |拨付赔偿金的财政机关   |违法行使职权的税务机关工作人员  |违法行使职权的税务机关||4||||||
税务行政赔偿的方式，不包括（    ）。|返还财产             |恢复原状   |支付精神损害抚慰金   |违约金||4||||||
 《中华人民共和国民法总则》自（     ）起施行。| 2017年3月15日| 2017年8月1日| 2017年10月1日| 2017年11月1日||3||||||
对世界范围内的法按照法的历史传统和外部特征而进行的一种分类为（     ）。|国内法和国际法 |根本法和普通法 |公法和私法  |大陆法系和英美法系||4||||||
（    ） 十二届全国人大三次会议表决通过了关于修改立法法的决定， 这是我国15 年来首次修改立法法。|2013年3月15日                         |2014年3月15日   |2015年3月15日                         |2016年3月15日   ||3||||||
《合同法》规定，撤销权自债权人知道或者应当知道撤销事由之日起（     ）内行使。|1年         |2年       |3年           |4年||1||||||
债权申报期限自人民法院发布受理破产申请公告之日起计算，最短不得少于三十日，最长不得超过（      ）。|1个月          |2个月          |3个月            |4个月||3||||||
（     ）是危害税收征管罪中唯一只能由自然人构成的罪名。|逃税罪   |抗税罪   |骗取出口退税罪    |虚开发票罪||2||||||
纳税人采取欺骗、隐瞒手段进行虚假纳税申报或者不申报逃避缴纳税款数额较大并且占应纳税额1０%以上的即构成逃税罪，《最高人民检察院、公安部关于公安机关管辖的刑事案件立案追诉标准的规定（二）》中将“数额较大” 界定为（   ）。|1万元   |3万元   |5万元   |10万元||3||||||
虚开增值税专用发票或者虚开用于骗取出口退税、抵扣税款的其他发票， 虚开的税款数额在1 万元以上或者致使国家税款被骗数额在（    ）以上的， 应予追诉。|1000元   |2000元   |3000元   |5000元||4||||||
（    ）是《刑法修正案（八）》新增的一项涉及发票的犯罪。|虚开增值税专用发票、用于骗取出口退税、抵扣税款发票罪|虚开发票罪|伪造、出售伪造的增值税专用发票罪|非法出售增值税专用发票罪||2||||||
 行政许可采取统一办理或者联合办理、集中办理的，办理的时间不得超过（    ）。|10日   |20日  |30日   |45日||4||||||
 要求听证的当事人， 应当自收到《税务行政处罚事项告知书》之日起(     )内向税务机关书面提出听证要求。|1日   |2日  |3日   |5日||3||||||
 行政机关实施查封、扣押措施， 查封、扣押的期限不得超过（   ）。|10日   |20日  |30日   |60日||3||||||
申请人可以在知道税务机关作出具体行政行为之日起(    )内提出行政复议申请。|10日   |20日  |30日   |60日||4||||||
公民、法人或者其他组织直接向人民法院提起行政诉讼的，自知道或者应当知道作出行政行为之日起(     )内提出。。|3个月   |6个月  |1年   |2年||2||||||
形成权责发生制和收付实现制不同的会计基础，进而出现应收、应付、预收、预付、折旧、摊销等会计处理方法所依据的会计基本假设是（      ）。|货币计量 |会计年度 |持续经营 |会计分期||4||||||
下列各项中，不属于会计核算方法的是（    ）。|填制和审核会计凭证 |财产清查和登记账簿 |复式记账和成本计算 |内部控制和内部规范||4||||||
会计科目按其所（  ）不同分为总分类科目和明细分类科目。|反映的会计对象|归属的会计要素|提供信息的详细程度及其统驭关系|反映的经济业务||3||||||
借贷记账法下，借方登记的内容有（     ）。|资产的增加|所有者权益的增加|收入的增加|费用的减少||1||||||
因解除与职工的劳动关系而给予的补偿，应借记（   ）账户。|“生产成本”|“制造费用”|“管理费用”|“销售费用”||3||||||
车间管理人员的工资应计入（    ）科目。|“生产成本”|“制造费用”|“其他业务成本”|“管理费用”||2||||||
下列账户中，期末余额在贷方的是（    ）|“实收资本”|“主营业务成本”|“主营业务收入”|“本年利润”||1||||||
企业确实无法偿付的应付账款，应贷记（   ）账户。|“其他业务收入”|“营业外收入”|“主营业务收入”|“资本公积”||2||||||
结转已销售产品的成本，应借记“主营业务成本”账户，贷记（    ）账户。|“制造费用”|“生产成本”|“库存商品”|“应付账款”||3||||||
计算销售商品发生的消费税时，应借记（    ）账户，贷记“应交税费——应交消费税”账户。|“税金及附加”|“应收账款”|“应交税费”|“管理费用”||1||||||
原材料已验收入库，月末尚未收到结算凭证的，入库材料按照合同价格暂估入账时，应借记“原材料”账户，贷记（     ）账户。|“在途物资”|“应付账款”|“原材料”|“银行存款”||2||||||
下列项目中，不属于财务费用核算内容的是（   ）|现金折扣|财务人员的工资薪金|利息收入|汇兑损益||2||||||
下列项目中属于会计行政法规的有（    ）|会计法|企业基本准则|企业财务报告条例|小企业会计准则||3||||||
2016年12月31日，民星企业“应付账款”贷方余额320 000，其中，应付甲企业贷方余额为200 000元，应付乙企业借方余额为180 000元，应付丙企业贷方余额为300 000元；“预付账款”贷方余额为50 000元，其中：预付丁企业借方余额为10 000元，预付戊企业贷方余额为150 000元。根据以上数据，资产负债表上“应付账款”项目的金额为（   ）元。|930 000   |650 000|370 000|470 000||2|||||明细账余额的经济内容概括如下，应付账款明细账借方余额反映预付账款，贷方余额反映应付账款；预付账款明细账借方余额反映预付账款，贷方余额反映应付账款。编制资产负债表，确定表中应付账款和预付账款项目应填列金额时，务必牢记这一点。因此，应付账款（预付账款）明细账为借方：180000+10000=190000贷方：200000+300000+150000=650000  因此，其中650000为实际的应付账款。|明细账余额的经济内容概括如下，应付账款明细账借方余额反映预付账款，贷方余额反映应付账款；预付账款明细账借方余额反映预付账款，贷方余额反映应付账款。编制资产负债表，确定表中应付账款和预付账款项目应填列金额时，务必牢记这一点。因此，应付账款（预付账款）明细账为借方：180000+10000=190000贷方：200000+300000+150000=650000  因此，其中650000为实际的应付账款。
泰欣企业是增值税一般纳税企业，适用的增值税税率是17%。该企业购入甲材料600千克，每千克不含税单价为50元，取得增值税专用发票上注明价款30 000元，增值税金额为5 100元，发生运费2 000元，取得增值税普通发票，入库前发生挑选整理费用200元。该批材料的入账价值为（   )。|30 000|32 000|32 200|30 200||3|||||物资采购成本=30000+2000+200=32200|物资采购成本=30000+2000+200=32200
Microsoft Office属于计算机软件分类中的（    ）。|操作系统|语言处理程序|通用软件|专用软件||3||||||
在资源管理器中，要选定不连续排列的文件或文件夹，按住（   ）键后，逐个单击目标文件或文件夹。|Shift|Ctrl|Alt|Enter||2||||||
Microsoft Office属于计算机软件分类中的（    ）。|操作系统|语言处理程序|通用软件|专用软件||3||||||
IE浏览器中，设置默认主页是在“Internet选项”对话框中，选择（    ）选项卡，进行相应设置。|常规|安全|内容|高级||1||||||
文档编辑中，粘帖的快捷键为（    ）。|Ctrl+C|Ctrl+V|Ctrl+X|Ctrl+Y||2||||||
在EXCEL中，不属于公式中引用运算符的是（    ）。| &| ：| ，|空格||1||||||
在Excel中，（    ）属于绝对引用。|A1:$J$8|$B52|2016!$F$22|F117||3||||||
计算机网络有多种分类方法，按计算机网络覆盖的地理范围大小进行分类，（    ）不属于这种分类：|城域网|无线网|广域网|局域网||2||||||
《中华人民共和国网络安全法》由全国人民代表大会常务委员会于（    ）发布。|2016年11月7日|2016年6月27日|2016年7月11日|2016年6月1日||1||||||
本市纳税人在本市跨区（县）提供建筑服务，《建筑工程施工许可证》为市级（或以上）住房城乡建设主管部门颁发的，应在合同签订后（   ）内，到市税务登记受理处（市税务三分局）办理纳税人报验登记和建筑业项目登记。|15日|30日|60日|180日||2||||||
本市纳税人在本市跨区（县）提供建筑服务，《建筑工程施工许可证》为区级住房城乡建设主管部门颁发或按规定无需取得建筑工程施工许可证的，应在合同签订后30日内，到（   ）办理纳税人报验登记和建筑业项目登记。|建筑服务发生地主管税务机关|市税务登记受理处（市税务三分局）|机构所在地主管税务机关|总承包纳税人主管税务机关||1||||||
按现行规定，对安置残疾人的单位和个体工商户，实行由税务机关按纳税人安置残疾人的人数，限额即征即退增值税的办法。安置的每位残疾人每月可退还的增值税具体限额，由县级以上税务机关根据纳税人所在区县（含县级市、旗）适用的经省（含自治区、直辖市、计划单列市）人民政府批准的月最低工资标准的（   ）确定。|2倍|3倍|4倍|5倍||3||||||
自2016年3月1日起，税务总局对部分增值税一般纳税人（以下简称纳税人）取消了增值税发票扫描认证，纳税人可登录本省增值税发票查询平台，查询、选择、确认用于申报抵扣或者出口退税的增值税发票信息。为进一步优化纳税服务，更好地便利纳税人，自2016年5月27日起，将纳税人确认当月用于抵扣税款或者出口退税的增值税发票信息的最后时限，由当月最后1日延长至（   ）。|次月纳税申报期结束当日|次月纳税申报期结束前1日|次月纳税申报期结束前2日|次月纳税申报期结束前3日||3||||||
依据《财政部 国家税务总局关于公益股权捐赠企业所得税政策问题的通知》（财税[2016]45号），企业向公益性社会团体实施的股权捐赠，应按规定视同转让股权，股权转让收入额以（    ）确定。|企业所捐赠股权的公允价值  |企业所捐赠股权取得时的历史成本|企业所捐赠股权的每股净资产或股权对应的净资产份额|企业所捐赠股权股权对应的净资产公允价  ||2||||||
依据《财政部 国家税务总局 发展改革委工业和信息化部关于软件和集成电路产业企业所得税优惠政策有关问题的通知》（财税[2016]49号），国家规划布局内重点集成电路设计企业除符合本通知第三条规定，还应至少符合：汇算清缴年度集成电路设计销售（营业）收入不低于2亿元（    ）。|年应纳税所得额不低于250万元，研究开发人员占月平均职工总数的比例不低于25%  |年应纳税所得额不低于1000万元，研究开发人员占月平均职工总数的比例不低于25% |年应纳税所得额不低于500万元，研究开发人员占月平均职工总数的比例不低于35%|年应纳税所得额不低于1000万元，研究开发人员占月平均职工总数的比例不低于35%  ||2||||||
依据《关于修订印发《高新技术企业认定管理工作指引》的通知》（国科发火[2016]195号），企业职工总数包括企业在职、兼职和临时聘用人员。在职人员可以通过企业是否签订了劳动合同或缴纳社会保险费来鉴别；兼职、临时聘用人员全年须在企业累计工作（     ）。|90天以上  |183天以上|270天以上|365天以上  ||2||||||
依据《关于印发《股权奖励个人所得税政策备案事项操作规程（试行）》和《转增股本个人所得税政策备案事项操作规程（试行）》的通知》（沪地税函[2016]32号），分局对备案申请进行审核，审核企业是否在发生转增股本的（    ）内申请办理分期缴纳个人所得税备案手续。|次月10日 |次月20日|次月15日|次月7日||3||||||
对实际开采年限在15年以上的衰竭期矿山开采的矿产资源，资源税减征（   ）。 |10% |20% |30% |40%||3||||||
个人保险代理人以其取得的佣金、奖励和劳务费等相关收入（以下简称“佣金收入”，不含增值税）减去地方税费附加及展业成本，按照规定计算个人所得税。展业成本，为佣金收入（    ）。|不减去地方税费附加余额的40%|不减去地方税费附加余额的60%|减去地方税费附加余额的40%|减去地方税费附加余额的60%||3||||||
高档化妆品适用税率为（    ）。|10%|15%|30%|35%||2||||||
依据《关于修订《企业政策性搬迁搬迁开始受理规程》的通知》（沪国税函[2016]96号上海市国家税务局 上海市地方税务局），办税服务厅（含网上办税服务厅）在受理后，应当告知纳税人在报送《年度财务会计报告》时，应当按照附注披露要求在报表重要项目项下披露（    ）搬迁项目信息。|“资本公积”   |“专项应付款”|“应付账款”|“长期应付款”||2||||||
依据《财政部 国家税务总局 关于完善股权激励和技术入股有关所得税政策的通知》（财税[2016]101），个人从任职受雇企业以低于公平市场价格取得股票（权）的，凡不符合递延纳税条件，应在获得股票（权）时，按照（     ）项目计算缴纳个人所得税。|“工资、薪金所得”  |“财产转让所得”|“偶然所得”|“其他所得”||1||||||
负责评定出口企业管理类别的国税机关在评定出口企业的管理类别时，应根据出口企业上一年度的管理类别，按照四类、三类、二类、一类的顺序逐级晋级，原则上不得越级评定。四类出口企业自评定之日起，（     ）内不得评定为其他管理类别。|12个月        |6个月      |3个月         |1个月||1||||||
 企业因不可抗力无法按期提供同期资料的，应当在不可抗力消除后（   ）内提供同期资料。|10日     |20日    |30日     |60日||3||||||
预约定价安排适用于主管税务机关向企业送达接收其谈签意向的《税务事项通知书》之日所属纳税年度起（      ）的关联交易。|3个年度        |5个年度       |3至5个年度    |1至3个年度||3||||||
自2016年12月1日起，“小汽车”税目下增设“超豪华小汽车”子税目。征收范围为每辆零售价格（    ）的乘用车和中轻型商用客车，即乘用车和中轻型商用客车子税目中的超豪华小汽车。|100万元（不含增值税）及以上|100万元（含增值税）及以上|130万元（不含增值税）及以上|130万元（含增值税）及以上||3||||||
2.对超豪华小汽车，在生产（进口）环节按现行税率征收消费税基础上，在零售环节加征消费税，税率为（   ）。|3%|5%|8%|10%||4||||||
依据《关于生产和装配伤残人员专门用品企业免征企业所得税的通知》（财税[2016]111号），自（      ） 期间，对符合条件的生产和装配伤残人员专门用品的企业征免企业所得税。|2017年1月1日至2020年12月31日   |2016年1月1日至2020年12月31日|2016年1月1日至2021年12月31日|2016年1月1日至2018年12月31日||2||||||
依据《关于企业所得税有关问题的公告》（国家税务总局公告2016年第80号），企业发生《国家税务总局关于企业处置资产所得税处理问题的通知》（国税函[2008]828号）第二条规定情形的，除另有规定外，应按照被移送资产的（    ）确定销售收入。|公允价值   |账面价值|购入时价格|转售价格||1||||||
依据《关于房地产开发企业土地增值税清算涉及企业所得税退税有关问题的公告》（国家税务总局公告2016年第81号），由于土地增值税清算导致亏损，房地产开发企业可以申请退还企业所得税的时间为（    ）。|某一开发项目土地增值税清算后   |所有开发项目土地增值税清算后|企业注销时|企业清算时||2||||||
依据《关于进一步做好企业研究开发费用税前加计扣除政策贯彻落实工作的通知》（税总函[2016]685号），如企业2016年度未及时申报享受加计扣除优惠政策，可在以后（    ）追溯享受。|5年内   |4年内|2年内|3年内||4||||||
依据《关于进一步做好企业研究开发费用税前加计扣除政策贯彻落实工作的通知》（税总函[2016]685号），以下说法错误的是（      ）。|各级税务机关在落实加计扣除优惠政策时，应以核实企业享受2016年度优惠的有关情况为基准，原则上不核实以前年度有关情况   |对纳税人反映的相关问题和投诉，各级税务机关应当在接到问题和投诉后的10个工作日内予以解决|如企业2016年度未及时申报享受加计扣除优惠政策，可在以后5年内追溯享受  |如企业申报享受加计扣除优惠政策，但账证不健全、资料不齐全或适用优惠政策不准确的，各级税务机关要积极做好辅导解释工作，帮助企业建账建制，补充资料，确保企业享受加计扣除优惠政策||3|||||如企业2016年度未及时申报享受加计扣除优惠政策，可在以后3年内追溯享受 |如企业2016年度未及时申报享受加计扣除优惠政策，可在以后3年内追溯享受 
一份凭证应纳税额超过（      ）元的，纳税人可以采取将税收缴款书、完税证明其中一联粘贴在凭证上或者由地方税务机关在凭证上加注完税标记代替贴花。|300        |400         |500        |800||3||||||
实行核定征收印花税的，纳税期限为（       ）。 |10天       |15天        |20天       |一个月||4||||||
自2017年1月1日起至12月31日止，对购置1.6升及以下排量的乘用车减按（      ）的税率征收车辆购置税。|3%         |5%         |7.5%       |10%||3||||||
自2018年1月1日起，对购置1.6升及以下排量的乘用车恢复按(   )的法定税率征收车辆购置税。|3%        |5%        |7.5%       |10%||4||||||
内地个人投资者通过深港通投资香港联交所上市的非H股取得的股息红利，由中国结算按照（  ）的税率代扣个人所得税。个人投资者在国外已缴纳的预提税，可持有效扣税凭证到中国结算的主管税务机关申请税收抵免。|10%；             |20%；|30%；                  |40%。||2||||||
对于香港投资者中属于其他国家税收居民且其所在国与中国签订的税收协定规定股息红利所得税率低于（  ）的，企业或个人可以自行或委托代扣代缴义务人，向上市公司主管税务机关提出享受税收协定待遇退还多缴税款的申请，主管税务机关查实后，对符合退税条件的，应按已征税款和根据税收协定税率计算的应纳税款的差额予以退税。|3%；             |5%；|10%；              |12%。||3||||||
依据《关于印发《技术入股递延纳税有关企业所得税受理事项管理规程（试行）》的通知》（沪国税函[2017]4号），各税务分局受理部门于（），受理纳税人递延纳税备案。|企业以技术入股投资完成后首次汇缴申报时|企业以技术入股投资完成后首次预缴申报时|企业以技术入股投资完成当年汇算清缴前|企业以技术入股投资完成当月||2||||||
依据《关于转发《国家税务总局关于进一步做好企业研究开发费用税前加计扣除政策贯彻落实工作的通知》的通知》（沪国税函[2017]5号），如企业2016年度未及时申报享受加计扣除优惠政策，可在以后（   ）追溯享受。|5年内|4年内|2年内|3年内||4||||||
依据《上海市国家税务局上海市地方税务局关于做好2016年度本市居民企业所得税汇算清缴工作的通知》（沪国税函[2017]15号），下列说法不正确的是（    ）。|若纳税人发生的资产（股权）划转适用特殊性税务处理的，应报送《居民企业资产（股权）划转特殊性税务处理申报表》和相关资料|企业应当自行判断其是否符合税收优惠政策规定的条件。凡享受企业所得税优惠的，应当按照76号公告规定向税务机关履行备案手续，妥善保管留存备查资料|享受研究开发费用税前加计扣除优惠政策的纳税人，应报送《研发项目可加计扣除研究开发费用情况归集表》|外省市总机构在沪分支机构无需参加企业所得税汇算清缴||4|||||外省市总机构在沪分支机构必需参加企业所得税汇算清缴|外省市总机构在沪分支机构必需参加企业所得税汇算清缴
依据依据《关于本市残疾、孤老人员和烈属继续实行劳动所得定额减征个人所得税政策的通知》（沪财发[2017]1号），下列所得中属于残疾、孤老人员和烈属可享受定额减征个人所得税的是（   ）。|偶然所得|稿酬所得|财产转让所得|财产租赁所得||2|||||残疾、孤老人员和烈属可享受定额减征个人所得税的劳动所得是指：工资薪金所得、个体工商户的生产和经营所得、对企事业单位的承包和承租经营所得、劳务报酬所得、稿酬所得、特许权使用费所得|残疾、孤老人员和烈属可享受定额减征个人所得税的劳动所得是指：工资薪金所得、个体工商户的生产和经营所得、对企事业单位的承包和承租经营所得、劳务报酬所得、稿酬所得、特许权使用费所得
依据《关于做好2016年度本市个体工商户及个人独资企业和合伙企业投资者个人所得税汇算清缴工作的通知》（沪地税函[2017]5号），个体工商户、个人独资企业和合伙企业应在（   ），向主管税务机关报送按规定填列的《个人所得税生产经营所得纳税申报表（B表）》并附2016年度会计报表。|2017年5月31日前|2017年2月29日前|2017年3月31日前|2017年4月15日前||3||||||
依据《关于开展2016年度本市年所得12万元以上个人自行纳税申报工作的通知》（沪地税函[2017]4号），各主管税务机关于（   ）前受理纳税人报送的《个人所得税纳税申报表（适用于年所得12万元以上的纳税人申报）》。|2017年5月31日前|2017年2月29日前|2017年3月31日前|2017年4月15日前||3||||||
依据《关于做好2017年度本市个人所得税全员全额扣缴明细申报工作的通知》（沪地税函[2017]8号），下列说法不正确的是（   ）。|各分局在进一步巩固、提高户管单位全员全额电子明细申报率的基础上，高度关注电子明细申报数据准确率，力争电子明细申报率与电子明细申报数据准确率均达到100%  |单位作为扣缴义务人向个人支付应税所得时，不论其是否属于本单位人员，支付的应税所得一旦达到纳税标准，扣缴义务人应当在代扣税款的次月内，向主管税务机关报送其支付应税所得个人的基本信息、支付所得项目和数额、扣缴税款数额以及其他相关涉税信息|明细申报工作是推进个人所得税税制改革的重要保障之一|各分局应结合明细申报报表或户管单位具体报送情况撰写案例分析（不少于三个）||2|||||单位作为扣缴义务人向个人支付应税所得时，不论其是否属于本单位人员、支付的应税所得是否达到纳税标准，扣缴义务人应当在代扣税款的次月内，向主管税务机关报送其支付应税所得个人的基本信息、支付所得项目和数额、扣缴税款数额以及其他相关涉税信息。|单位作为扣缴义务人向个人支付应税所得时，不论其是否属于本单位人员、支付的应税所得是否达到纳税标准，扣缴义务人应当在代扣税款的次月内，向主管税务机关报送其支付应税所得个人的基本信息、支付所得项目和数额、扣缴税款数额以及其他相关涉税信息。
依据《关于个人转让住房享受税收优惠政策判定购房时间问题的公告》（国家税务总局公告2017年第8号），个人所转让住房，因产权纠纷等原因未能及时取得房屋所有权证书（包括不动产权证书），对于人民法院、仲裁委员会出具的法律文书确认个人购买住房的，（   ），据以确定纳税人是否享受税收优惠政策。。|法律文书的签署日期视同房屋所有权证书的注明时间|法律文书的送达日期视同房屋所有权证书的注明时间|法律文书的生效日期视同房屋所有权证书的注明时间|法律文书的拟定日期视同房屋所有权证书的注明时间||3||||||
依据《关于印发《残疾、孤老人员和烈属定额减征个人所得税申报受理事项操作规程（试行）》的通知》（沪地税函[2017]18号），对有符合条件的纳税人，可在缴清年度应纳税款后的（   ）内，由主管税务机关受理纳税人的退税申请。|一个月|15日|30日|三个月||4||||||
企业在《特别纳税调查调整通知书》送达前缴纳或者送达后补缴税款的，应当自税款所属纳税年度的（   ）至缴纳或者补缴税款之日止计算加收利息。|次年6月1日起     |次年4月30日起|次年3月31日起     |次年6月30日起||1||||||
纳税人符合规定条件的，可在年度终了后的（   ）个月内向主管税务机关申请减免上一年度的城镇土地使用税。|3 |4 |5 |6||4||||||
完善国税、地税征管体制是党的（   ）提出的改革要求。|十八届五中全会|十八届三中全会|十八届四中全会|十八届二中全会||2||||||
国税、地税征管体制改革目标是到哪一年建成与国家治理体系和治理能力现代化相匹配的现代税收征管体制（   ）|2018年|2019年|2020年|2022年||3||||||
深化国税、地税征管体制改革任务之一是理顺征管职责划分，下列说法错误的是（   ）|中央税由国税部门征收，地方税由地税部门征收|共享税的征管职责根据税种属性和方便征管的原则确定|适宜由税务部门征收的行政事业性收费、政府性基金等非税收入项目，改由地税部门统一征收|国税、地税部门不可互相委托代征有关税收||4|||||国税、地税部门可互相委托代征有关税收|国税、地税部门可互相委托代征有关税收
《深化国税、地税征管体制改革方案》要求（   ）基本实现跨区域经营企业全国通办。|2016年|2017年|2018年|2020年||2||||||
深化税务稽查改革要求建立健全随机抽查制度和案源管理制度，合理确定抽查比例，对重点税源企业每（   ）年轮查一遍。|2年|3年|4年|5年||4||||||
以下不属于深度参与国际合作任务的是（   ）|积极参与国际税收规则制定|不断加强国际税收合作|发挥税收大数据服务国家治理的作用|主动服务对外开放战略||3|||||1，积极参与国际税收规则制定；2，不断加强国际税收合作；3，严厉打击国际逃避税；4，主动服务对外开放战略|1，积极参与国际税收规则制定；2，不断加强国际税收合作；3，严厉打击国际逃避税；4，主动服务对外开放战略
不断加强国际税收合作，围绕建立（   ）的新型国际税收关系，推动完善国际税收合作与协调机制。|互惠互利|协调统一|平等协同|合作共赢||4||||||
以下不属于优化税务组织体系任务的是（   ）|切实加强税务系统党的领导|优化各层级税务机关征管职责|合理配置资源。|加快税收信息系统建设||4|||||1，切实加强税务系统党的领导；2,优化各层级税务机关征管职责；3，完善税务稽查机构设置；4，完善督察内审机构设置；5，研究探索推进对外派驻税务官员；6，合理配置资源；7，加强税务干部能力建设；8，深入落实党风廉政建设主体责任和监督责任；|1，切实加强税务系统党的领导；2,优化各层级税务机关征管职责；3，完善税务稽查机构设置；4，完善督察内审机构设置；5，研究探索推进对外派驻税务官员；6，合理配置资源；7，加强税务干部能力建设；8，深入落实党风廉政建设主体责任和监督责任；
按照《深化国税、地税征管体制改革方案》，优化各层级税务机关征管职责要求市级、县级税务局重点加强以下哪项工作，以更好地为纳税人服务。（   ）|税源管理和风险应对工作|税收制度和管理制度设计|税收风险集中分析|数据集中处理应用||1||||||
《国家税务总局关于印发〈纳税人分级分类管理办法〉的通知》所称纳税人包括企业纳税人和个人纳税人。其中企业纳税人包括企业、事业单位、社会团体以及其他取得收入的组织，个人纳税人包括（   ）。|个体工商户和自然人|个体工商户|自然人|个体工商户和个人||1||||||
分类分级管理应当遵循专业分工、监督制约、（   ）、科学效能的原则。|依法征管|科学分类|风险管理|合理配置||1||||||
涉税事项分为纳税服务事项、（   ）、风险管理事项和法制事务事项。|基础管理事项|征管管理事项|发票管理事项|税源管理事项||1||||||
纳税服务事项是指《全国税务机关纳税服务规范》规定依纳税人申请由税务机关受理的涉税事项，主要包括税务登记、税务认定、发票办理、申报纳税、（   ）、证明办理、宣传咨询、权益维护等事项。|优惠办理|数据采集|税源调查|纳税担保||1||||||
县税务机关主要负责（   ）；协助市税务机关开展税收风险分析；负责市税务机关推送风险任务的应对工作；负责本级重点税源企业、一般税源企业、一般自然人的风险管理；负责纳税担保、税收保全、强制执行、税务行政处理和处罚工作；其他应当由县税务机关承担的事项。|纳税服务事项、基础管理事项|纳税服务事项|基础管理事项|纳税服务事项、基础管理事项、风险管理事项||1||||||
省重点税源企业的税收风险管理，以（   ）为主开展风险分析识别，省、市、县税务机关开展风险应对。|省、市税务机关|省税务机关|市税务机关|县税务机关||1||||||
无运输工具承运业务，按照（   ）缴纳增值税。|经纪代理服务|物流辅助服务|交通运输服务|商务辅助服务||3||||||
一般纳税人销售其2016年4月30日前取得（不含自建）的不动产，可以选择适用简易计税方法，以（    ）计算应纳税额。纳税人应按照上述计税方法在不动产所在地预缴税款后，向机构所在地主管税务机关进行纳税申报。|取得的全部价款和价外费用为销售额，按照5%的征收率|取得的全部价款和价外费用减去该项不动产购置原价或者取得不动产时的作价后的余额为销售额，按照5%的征收率|取得的全部价款和价外费用为销售额，按照3%的征收率|取得的全部价款和价外费用减去该项不动产购置原价或者取得不动产时的作价后的余额为销售额，按照3%的征收率||2||||||
个人出租住房，（   ）计算应纳税额。|应按照3%的征收率减按1.5%|应按照3%的征收率减按2%|应按照5%的征收率减按1.5%|应按照5%的征收率减按3%||3||||||
一般纳税人支付的道路、桥、闸通行费，暂凭取得的通行费发票（不含财政票据）上注明的收费金额，计算抵扣的进项税额。下列说法正确的是（   ）。| 高速公路通行费可抵扣进项税额=高速公路通行费发票上注明的金额÷（1+5%）×3%| 高速公路通行费可抵扣进项税额=高速公路通行费发票上注明的金额÷（1+3%）×3%| 高速公路通行费可抵扣进项税额=高速公路通行费发票上注明的金额÷（1+5%）×5%| 高速公路通行费可抵扣进项税额=高速公路通行费发票上注明的金额÷（1+3%）×1.5%||2||||||
 增值税一般纳税人购进（   ）的进项税额可以从销项税额中抵扣。|贷款服务|人力资源服务|居民日常服务|娱乐服务||2|||||购进的旅客运输服务、贷款服务、餐饮服务、居民日常服务和娱乐服务进项税额不得从销项税额中抵扣|购进的旅客运输服务、贷款服务、餐饮服务、居民日常服务和娱乐服务进项税额不得从销项税额中抵扣
以下不属于不动产经营租赁服务的是（    ）。|宾馆提供会议场地及配套服务   |车辆停放服务 |将土地出租给他人使用|道路通行服务||1|||||宾馆、旅馆、旅社、度假村和其他经营性住宿场所提供会议场地及配套服务的活动，按照“会议展览服务”缴纳增值税|宾馆、旅馆、旅社、度假村和其他经营性住宿场所提供会议场地及配套服务的活动，按照“会议展览服务”缴纳增值税
境内单位向境外单位提供的完全在境外消费的下列服务，免征增值税的是（   ）。|研发服务|合同能源管理服务|电信服务|广播影视节目（作品）的制作和发行服务||3|||||研发服务、合同能源管理服务、广播影视节目（作品）的制作和发行服务位零税率|研发服务、合同能源管理服务、广播影视节目（作品）的制作和发行服务位零税率
金融服务，是指经营金融保险的业务活动。不包括（   ）。|金融经纪业|直接收费金融服务|保险服务|金融商品转让||1|||||包括贷款服务、直接收费金融服务、保险服务和金融商品转让|包括贷款服务、直接收费金融服务、保险服务和金融商品转让
经纪代理服务，不包括（    ）。--书中未找到|房地产中介|货物运输代理 |人力资源服务|拍卖||3|||||人力资源外包服务|人力资源外包服务
纳税人跨区（县）提供建筑服务，应向建筑服务发生地主管税务机关预缴税款。纳税人应按照建筑服务项目区分简易计税和一般计税方法，按项目单独计算应预缴税额，分别预缴。适用一般计税方法计税的，应预缴税款为（    ）。--书中未找到|全部价款和价外费用÷（1＋11%）×2%|（全部价款和价外费用－支付的分包款） ÷（1＋11%）×2%|全部价款和价外费用÷（1＋3%）×3%|（全部价款和价外费用－支付的分包款） ÷（1＋3%）×3%||2||||||
纳税人（不含个体工商户转让购买的住房）转让自建不动产应预缴增值税的，应预缴税款为（   ）。|（全部价款和价外费用－不动产建造成本）÷（1＋5%）×5%|（全部价款和价外费用－不动产建造成本）÷（1＋3%）×3%|全部价款和价外费用÷（1＋3%）×3%|全部价款和价外费用÷（1＋5%）×5%||4||||||
自2016年8月19日起，提供物业管理服务的纳税人，向服务接受方收取的自来水水费，（    ）计算缴纳增值税。|以不扣除其对外支付的自来水水费后的全额为销售额，按照简易计税方法依3%的征收率|以不扣除其对外支付的自来水水费后的全额为销售额，按照简易计税方法依6%的征收率|以扣除其对外支付的自来水水费后的余额为销售额，按照简易计税方法依3%的征收率|以扣除其对外支付的自来水水费后的余额为销售额，按照简易计税方法依6%的征收率||3||||||
纳税人以长（短）租形式出租酒店式公寓并提供配套服务的，按照（    ）缴纳增值税。|餐饮服务|不动产租赁|住宿服务|居民日常服务||3||||||
自2016年12月1日起，纳税信用A级的纳税人可一次领取不超过（    ）的增值税发票用量。|1个月|2个月|3个月|4个月||3||||||
自2016年12月1日起，取消增值税发票认证的纳税人范围扩大到纳税信用（    ）的增值税一般纳税人。|A级|B级|C级|D级||3||||||
提供餐饮服务的纳税人销售的外卖食品，按照（   ）缴纳增值税。|餐饮服务|销售货物|住宿服务|居民日常服务||1||||||
宾馆、旅馆、旅社、度假村和其他经营性住宿场所提供会议场地及配套服务的活动，按照（   ）缴纳增值税。|住宿服务|不动产经营性租赁服务|会议展览服务|商务辅助服务||3||||||
纳税人提供武装守护押运服务，按照（    ）缴纳增值税。|交通运输服务|安全保护服务|居民日常服务|金融保险服务||2||||||
下列关于小规模纳税人提供劳务派遣服务税务处理不正确的是（      ）。|以取得的全部价款和价外费用为销售额，按照简易计税方法依3%的征收率计算缴纳增值税|也可以选择差额纳税，以取得的全部价款和价外费用，扣除代用工单位支付给劳务派遣员工的工资、福利和为其办理社会保险及住房公积金后的余额为销售额，按照简易计税方法依5%的征收率计算缴纳增值税|也可以选择差额纳税，以取得的全部价款和价外费用，扣除代用工单位支付给劳务派遣员工的工资、福利和为其办理社会保险及住房公积金后的余额为销售额，按照简易计税方法依3%的征收率计算缴纳增值税|选择差额纳税的纳税人，向用工单位收取用于支付给劳务派遣员工工资、福利和为其办理社会保险及住房公积金的费用，不得开具增值税专用发票，可以开具普通发票||3|||||也可以选择差额纳税，以取得的全部价款和价外费用，扣除代用工单位支付给劳务派遣员工的工资、福利和为其办理社会保险及住房公积金后的余额为销售额，按照简易计税方法依5%的征收率计算缴纳增值税|也可以选择差额纳税，以取得的全部价款和价外费用，扣除代用工单位支付给劳务派遣员工的工资、福利和为其办理社会保险及住房公积金后的余额为销售额，按照简易计税方法依5%的征收率计算缴纳增值税
下列情形中属于视同销售应当征收增值税的是（     ）。|为了抗震救灾，某企业向灾区捐了价值2万元的生活物资品|某律师事务所组织多名律师在市中心广场为群众义务提供法律咨询服务|企业将购进的酒发给职工作为福利|某游戏开发公司将最新开发的一款网游版权无偿转让给其关联企业||4|||||单位或者个人向其他单位或者个人无偿转让无形资产或者不动产属于视同销售应当征收增值税，但用于公益事业或者以社会公众为对象的除外|单位或者个人向其他单位或者个人无偿转让无形资产或者不动产属于视同销售应当征收增值税，但用于公益事业或者以社会公众为对象的除外
下列增值税纳税申报资料中，不属于营改增全面扩围后新增加的是（     ）。|不动产分期抵扣计算表|本期抵扣进项税额结构明细表|增值税减免税申报明细表|增值税预缴税款表||3||||||
纳税人转让不动产，未按规定向不动产所在地地税机关预缴税款且自应当预缴之月起超过6个月没有预缴的，由（   ）处理。|不动产所在地主管地税机关|不动产所在地主管国税机关|机构所在地主管地税机关|机构所在地主管国税机关||4||||||
下列情形中，符合相关规定的是（     ）。|试点纳税人甲取得增值税一般纳税人资格后，发生增值税偷税、骗取出口退税和虚开增值税扣税凭证等行为，主管税务机关取消其一般纳税人资格|主管税务机关检查发现试点一般纳税人乙会计核算不健全，决定取消其一般纳税人资格|试点一般纳税人丙因注销税务登记被取消一般纳税人资格|试点一般纳税人丁2015年应税服务销售额未达到500万元，被转为小规模纳税人||3|||||1，试点纳税人在办理增值税一般纳税人资格登记后，发生增值税偷税、骗取出口退税和虚开增值税扣税凭证等行为的，主管国税机关可以对其实行6个月的纳税辅导期管理；2，一般纳税人会计核算不健全，或者不能够提供准确税务资料的应当按照销售额和增值税税率计算应纳税额，不得抵扣进项税额，也不得使用增值税专用发票|1，试点纳税人在办理增值税一般纳税人资格登记后，发生增值税偷税、骗取出口退税和虚开增值税扣税凭证等行为的，主管国税机关可以对其实行6个月的纳税辅导期管理；2，一般纳税人会计核算不健全，或者不能够提供准确税务资料的应当按照销售额和增值税税率计算应纳税额，不得抵扣进项税额，也不得使用增值税专用发票
下列应税行为进行增值税预缴税款时，不需要填写《增值税预缴税款表》的是（    ）。   |单位和个体工商户出租不动产|单位和个体工商户转让不动产|纳税人跨县（市、区）提供建筑服务|房地产开发企业销售房地产项目||2|||||纳税人跨县（市）提供建筑服务、房地产开发企业预售自行开发的房地产项目、纳税人出租与机构所在地不在同一县（市）的不动产，按规定需要在项目所在地或不动产所在地主管国税机关预缴税款的，需填写《增值税预缴税款表》|纳税人跨县（市）提供建筑服务、房地产开发企业预售自行开发的房地产项目、纳税人出租与机构所在地不在同一县（市）的不动产，按规定需要在项目所在地或不动产所在地主管国税机关预缴税款的，需填写《增值税预缴税款表》
对于不动产进项税额分期抵扣，在纳税人注销税务登记时，其尚未抵扣完毕的待抵扣进项税额（    ）。———未找到|不能抵扣|于注销清算的当期从销项税额中抵扣|于注销清算的下月从销项税额中抵扣|于注销前从销项税额中抵扣||2||||||
金税三期工程正式启动的时间是：（   ）———未找到|2005年 |2008年 |2007年 |2010年||2||||||
2005年开始，为实现(     )，实施金税三期工程建设。———未找到且矛盾|“业务一体化、技术一体化、系统一体化”|“业务一体化、技术一体化、信息一体化”|“业务一体化、系统一体化、信息一体化”|“技术一体化、信息一体化、系统一体化”||1||||||
下面哪一项不属于金税三期工程新建系统：（    ）|决策支持1包|决策支持2包|纳税服务|出口退税审核系统||4||||||
金税三期中的决策支持系统：（    ）——未找到|以税收业务为主要处理对象|以信息交换为主要处理对象|面向各级税务机关税收经济分析、监控和预测|以税务内部行政管理事务为处理对象||3||||||
以下哪一项不属于补偿业务：（    ）——未找到|发票代开|文书作废|申报表更正|文书删除||1||||||
建立税收档案中的“自然人”不包括：（     ）|个体工商户业主|个体工商户|法人代表|合伙企业投资者||2||||||
下面哪一项属于风险处理：（    ）——未找到|稽查|发票|优惠|征收||1||||||
下面哪一项属于纳税人管理：（    ）|评估审计|稽查|法制|认定||4||||||
对个人所得税完税证明信息，核心征管能够在年度终了（   ）个月内，按照每一个纳税人上年实际缴纳的个人所得税额自动生成，再通过纳税服务平台推送给纳税人。|1|2|3|5||3||||||
全国征管数据应用大集中模式为：（    ）|总局为主、省级为辅|省局为主、总级为辅|省局为主、市局为辅|市局为主、省局为辅||1||||||
下列哪一项不是管理决策创新内容：（    ）|绩效管理|知识管理|政策评估|会计核算||4|||||管理决策创新内容包括绩效管理、知识管理和政策评估|管理决策创新内容包括绩效管理、知识管理和政策评估
金税三期工程确定了“一个平台、两级处理、三个覆盖、四类系统”的工作目标，其中，下列哪一项不属于“三个覆盖”：（    ）|覆盖所有税种|覆盖税务管理的重要工作环节|覆盖所有有关部门|覆盖各级国、地税机关||3|||||应用内容逐步覆盖所有税种，覆盖税收工作的主要工作环节，覆盖各级国地税机关，并与有关部门联网|应用内容逐步覆盖所有税种，覆盖税收工作的主要工作环节，覆盖各级国地税机关，并与有关部门联网
国家税务总局决定，2017年继续开展“春风行动”，努力打造税务系统优质服务品牌，关于2017年春风行动的主题，下列表述正确的是（   ）。|改革?合作|提升?创响|高效?便捷|提速?规范  ||2||||||
2017年开展“春风行动”的总体目标是全面贯彻党的十八大和十八届三中、四中、五中、六中全会精神，深入贯彻落实《改革方案》，以“提升?创响”为主题，持续提速减负、创新服务、精准发力、公正执法、合力共赢，打造（    ），提升纳税人获得感、满意度、遵从度，创响具有鲜明税务特色的纳税服务品牌。--与书不符|智慧税务|效率税务|便捷税务|公正税务||1|||||全面贯彻党的十八大和十八届三中、四中、五中、六中全会精神，深入贯彻落实《改革方案》，以“提升•创响”为主题，以纳税人为中心，以需求为导向，以机制建设为抓手，以“互联网+税务”为助力，持续提速减负、创新服务、精准发力、公正执法、合力共赢，打造效能税务、智慧税务、便民税务、公平税务、协作税务，提升纳税人获得感、满意度、遵从度，创响具有鲜明税务特色的纳税服务品牌。|
2017年开展“春风行动”,要把握“长流水、不断线、打连发、呈递进”的工作节奏，紧扣全国纳税人满意度调查发现的问题，推进办税制度改革，创响纳税服务品牌，总体设计、分步推进，共推出（    ）便民措施。|5类20项46条|5类22项45条|6类20项46条|6类22项45条||1||||||
2017年继续开展“春风行动”，持续提速减负、创新服务、精准发力、公正执法、合力共赢，提升（    ），创响具有鲜明税务特色的纳税服务品牌。|税务机关的公平性、公正性、合理性|税务机关的高效、便捷、合理|纳税人幸福感、满意度、遵从度|纳税人获得感、满意度、遵从度||4||||||
2017年开展“春风行动”的行动内容中，关于减少办税等候时间的措施，以下表述错误的是（    ）|推进网上办税为主、自助和其他社会办税为辅、网上办税服务厅兜底的办税模式，让纳税人多走“网路”、少走“马路”。|通过移动互联网为纳税人实时提供办税服务厅等候人数、已办理人数等排队信息，方便纳税人合理选择办税地点，提高办税效率。|针对办税“波峰”“波谷”情况，在办税“波峰”期大力推行预约办税，提供网上、掌上等多渠道预约服务，减少办税服务厅排队等候时间。|优化房地产交易税收服务，落实房地产交易税收服务和管理指引要求，推进部门信息共享，减少信息重复录入及复核时间，探索由纳税人通过互联网、手机客户端或自助办税终端提前录入申报所需税源信息，探索实行同城通办或房地产管理部门、不动产登记部门与税务部门业务联办，为纳税人提供更加便捷的服务。||1|||||推进网上办税为主、自助和其他社会办税为辅、实体办税服务厅兜底的办税模式，让纳税人多走“网路”、少走“马路”（2017年9月底前实施）|推进网上办税为主、自助和其他社会办税为辅、实体办税服务厅兜底的办税模式，让纳税人多走“网路”、少走“马路”（2017年9月底前实施）
2017年开展“春风行动”的行动内容中，关于简并涉税资料报送的措施，以下表述错误的是（    ）|简化发票代开业务资料报送|简化所有行业资产损失资料报送要求|简化国际运输服务免征增值税的备案资料|简化非居民企业源泉扣缴信息申报，为纳税人和基层税务机关减轻负担。||2|||||简并涉税资料报送：简化发票代开业务资料报送（2016年11月实施），简化银行业资产损失资料报送要求（2017年启动），简化工程项目在境外的建筑服务证明材料，简化国际运输服务免征增值税的备案资料，简化在境外提供旅游服务的证明材料（2017年1月实施），简化非居民企业源泉扣缴信息申报，为纳税人和基层税务机关减轻负担（2017年启动）|简并涉税资料报送：简化发票代开业务资料报送（2016年11月实施），简化银行业资产损失资料报送要求（2017年启动），简化工程项目在境外的建筑服务证明材料，简化国际运输服务免征增值税的备案资料，简化在境外提供旅游服务的证明材料（2017年1月实施），简化非居民企业源泉扣缴信息申报，为纳税人和基层税务机关减轻负担（2017年启动）
2017年开展“春风行动”的行动内容中，关于创新服务，积聚智慧税务的措施，以下表述错误的是（    ）|升级改造税务总局12366纳税服务平台，实现热线、网线、无线互联互通，支持对全国纳税人开展咨询、宣传、权益保护、信用管理等服务，同时统一整合办税服务入口，通过与纳税人的多元化互动提升纳税人办税体验。|扩大小规模纳税人自开专用发票试点行业范围。|推进发票无纸化试点工作，推动电子发票在电子商务等领域的使用，逐步实现纸质发票到电子发票的变革。|探索推进跨区（县）从事生产经营纳税人的网上开具《外管证》，逐步实现《外管证》开具、信息传递和后续管理的电子化。||4|||||探索推进跨省从事生产经营纳税人的网上开具《外管证》，逐步实现《外管证》开具、信息传递和后续管理的电子化（2017年底前启动）。|探索推进跨省从事生产经营纳税人的网上开具《外管证》，逐步实现《外管证》开具、信息传递和后续管理的电子化（2017年底前启动）。
2017年开展“春风行动”的行动内容中，关于优化发票领用方式的措施，以下表述错误的是（    ）|提供发票网上、掌上申请服务。|提供物流配送或窗口及自助终端自取纸质发票服务。|扩大小规模纳税人自开专用发票试点行业范围。|实现发票领用“线上申领、线下配送”。||3|||||“扩大小规模纳税人自开专用发票试点行业范围”是拓展发票开具方式的措施|“扩大小规模纳税人自开专用发票试点行业范围”是拓展发票开具方式的措施
2017年开展“春风行动”的行动内容中，关于拓展发票开具方式的措施，以下表述错误的是（   ）|提供增值税发票代开网上、掌上预申请功能，纳税人通过网上办税平台、手机APP等渠道代开发票，税费一体化征收，选择物流配送或窗口及自助终端自取纸质发票服务。|实现发票代开“线上办理、线下开具”。|扩大小规模纳税人自开专用发票试点地区范围。|推进发票无纸化试点工作，推动电子发票在电子商务等领域的使用，逐步实现纸质发票到电子发票的变革。||3|||||扩大小规模纳税人自开专用发票试点行业范围|扩大小规模纳税人自开专用发票试点行业范围
2017年开展“春风行动”的行动内容中，关于精准发力，唱响便民税务的措施，以下表述错误的是（   ）。|针对实名办税纳税人开展个性化服务，减少资料重复报送，加强内部风险管控和外部结果推送，完善“登记、办税、服务、管理”全过程实名制。|探索推行信用管税办税制度，健全和完善纳税服务基础管理制度。|推进12366接受违法举报工作，建立涉税重大违法行为“快捷处理通道”。|进一步拓展同城通办和全省通办的业务范围，在全省通办的基础上提升业务通办的层级。||3|||||推进12366接受违法举报工作，建立涉税轻微违法行为“快捷处理通道”|推进12366接受违法举报工作，建立涉税轻微违法行为“快捷处理通道”
2017年开展“春风行动”的行动内容中，为了拓展热线服务功能，要充分利用互联网、（    ）等新兴媒介，为纳税人提供多元化、全方位的咨询辅导服务。|移动终端、服务平台|移动终端、中介平台|移动终端、第三方平台|移动终端、征管平台||3||||||
2017年开展“春风行动”的行动内容中，关于精准发力，唱响便民税务的措施，以下表述正确的是（   ）。|加大实名办税推行力度，线上线下采集纳税人及其代理人身份等信息，强化与业务系统无缝对接。|加强整体协调和业务统筹，促进分税种、分业务设置服务事项办税模式的转变，推动关联度低的业务事项归并整合。|推进12366接受违法举报工作，建立涉税重大违法行为“快捷处理通道”。|进一步拓展同城通办和全国通办的业务范围，在全省通办的基础上提升业务通办的层级。||1|||||2，“关联度高”；3，“轻微违法”；4，“全省通办”|2，“关联度高”；3，“轻微违法”；4，“全省通办”
2017年开展“春风行动”的行动内容中，关于公正执法，营造公平税务的措施，以下表述错误的是（   ）。|积极推行《全国税务稽查规范（1.0版）》，健全税务检查、处罚告知、处罚听证、集体审议、作出决定、文书送达等制度规定。|严格实施重大税务案件审理办法。|建立和实施税务行政执法案例指导制度。|探索推行信用管税办税制度，健全和完善纳税服务基础管理制度。||4|||||持续扩大纳税信用评价覆盖面，探索开展对个体工商户和其他类型纳税人的纳税信用评价。|持续扩大纳税信用评价覆盖面，探索开展对个体工商户和其他类型纳税人的纳税信用评价。
2017年开展“春风行动”的行动内容中，关于公正执法，营造公平税务的措施，以下表述错误的是（    ）。|严格实施重大税务案件审理办法。|完善商事登记制度改革后的税收征管配套措施，做好个体工商户“两证整合”改革后续管理工作，加强改革效应分析，积极开展后续事中事后监管。|建立健全“双随机、双公开”监管机制，全面推进税务稽查随机抽查，体现执法公平，提高执法效能。|持续扩大纳税信用评价覆盖面，探索开展对个体工商户和其他类型纳税人的纳税信用评价。||3|||||积极推行《全国税务稽查规范（1.0版）》，健全税务检查、处罚告知、处罚听证、集体审议、作出决定、文书送达等制度规定。|积极推行《全国税务稽查规范（1.0版）》，健全税务检查、处罚告知、处罚听证、集体审议、作出决定、文书送达等制度规定。
2017年开展“春风行动”的行动内容中，为了公正执法，营造公平税务，要完善税收执法程序。积极推行（    ），健全税务检查、处罚告知、处罚听证、集体审议、作出决定、文书送达等制度规定。|《税收征收管理制度》|《全国税务稽查规范（1.0版）》|《全国税务机关征税管理规范》|《全国税务机关纳税服务规范》||2||||||
2017年开展“春风行动”的行动内容中，关于合力共赢，构建协作税务的措施，以下表述错误的是（    ）。|加强POS机、网上银行、手机银行等多元化缴税方式技术支撑。|试点非居民企业网上代扣代缴非居民企业所得税。|深化国税地税联合办税，联合开展遵从合作、风险提示等大企业纳税服务工作。|结合“走出去”纳税人需求，继续落实和完善服务“一带一路”战略的各项税收举措。||2|||||试点居民企业网上代扣代缴非居民企业所得税(2017年底前实施)|试点居民企业网上代扣代缴非居民企业所得税(2017年底前实施)
2017年开展“春风行动”的行动内容中，为了服务国家发展战略，以下（     ）措施要求必须在2017年9月底前实施：|结合“走出去”纳税人需求，继续落实和完善服务“一带一路”战略的各项税收举措。|不断优化完善“京津冀综合税务服务网”功能，巩固税收服务京津冀协同发展成果。|深化长江经济带税收信息共享平台数据应用，探索创新税收征管服务举措2017年底前实施。|创新自由贸易试验区发展的服务措施。||4||||||
2017年开展“春风行动”的行动内容中，为了服务国家发展战略，要全面整合国家税务局、地方税务局服务资源，推广办税服务厅（    ）国税地税联合办税服务模式，实现涉税业务一窗办理。|“一窗专人” |“一窗一人”|“专窗一人”|“专窗专人”||2||||||
2017年开展“春风行动”的行动内容中，为了扩大区域通办范围，要进一步拓展同城通办和全省通办的业务范围，在（     ）的基础上提升业务通办的层级。|全国通办|全省通办|跨省通办|全区通办||2||||||
2017年开展“春风行动”的行动内容中，要求必须在2017年一季度前实施的合力共赢，构建协作税务的措施包括（   ）。|加强POS机、网上银行、手机银行等多元化缴税方式技术支撑。|充分利用银行、社区、街道等网格化网点，在银行自助服务区和街道办事处等地配置24小时自助办税服务设备，延伸24小时自助办税服务。|深化国税地税联合办税，联合开展遵从合作、风险提示等大企业纳税服务工作。|结合“走出去”纳税人需求，继续落实和完善服务“一带一路”战略的各项税收举措。||3|||||联合开展遵从合作、风险提示等大企业纳税服务工作(2017年3月初启动)|联合开展遵从合作、风险提示等大企业纳税服务工作(2017年3月初启动)
《国家税务局 地方税务局合作工作规范（3.0版）》一共包括（   ）个合作事项。|44|51|13|57||2||||||
在国地税联合联合办理设立登记时，纳税人报送资料齐全、符合法定形式的，受理登记申请的税务机关当场发放盖有（    ）印章的税务登记证件。|国税|地税|国地税双方|受理登记方||3||||||
国地税双方联合开展税收分析，（   ）向当地政府上报1次税收分析报告。省国家税务局、地方税务局应同时联合向税务总局上报税收分析报告。|每半年（有条件的地方每季度）|每年|每季度|每月||1||||||
从利用共享信息开展风险识别角度，税务机关可以比对国税、地税定额信息与（     ），识别定额偏低漏征风险。|从第三方获取的水、电、气等耗用信息|从第三方获取的股权转让信息|社会保险费申报征收信息|房产税、城镇土地使用税、车船税缴纳信息||1||||||
《国家税务局 地方税务局合作工作规范（3.0版）》中明确，共享双方内部涉税信息包括数据交换和（    ）两种方式。|软件共享|信息交互|平台共建|网络互通||2||||||
根据国地税合作工作规范，暂不具备条件建设电子税务局的，省国家税务局、地方税务局应（    ），实现联合网上办税。|统一网上办税平台入口|加强信息共享|明确联合网上办税的业务流程|明确数据接口标准||1||||||
国地税合作规范要求国地税部门协同实施房地产开发企业税收一体化管理，规定国税局、地税局要联合建立房地产开发企业（    ），共享相关涉税信息，加强房地产开发企业税收管理。|信息共享制度|项目登记制度|协同检查制度|协同管理制度||2||||||
国地税合作工作规范要求国地税部门共用基层服务资源，规定国税局、地税局在一方有服务需求但未设立办税服务场所的地区，或者在双方均有办税服务场所，但一方办税服务场所紧张，另一方相对富余的地区，经双方协商一致，可（    ）。|利用对方办税场所开展纳税服务工作|采用“互相进驻”方式联合办税|采用“互联互通”方式联合办税|采用“共同进驻”政府服务中心或其他政务部门方式联合办税||1||||||
国地税合作工作规范要求国地税部门联合与纳税人签订委托划缴税款协议，规定国税局、地税局可由（    ）代表双方与纳税人签订委托划缴税款协议，避免双方签订协议带来的纳税人“两头跑”问题。|国税局|地税局|由任一方|国地税双方||3||||||
国地税合作工作规范要求国地税部门协同管理建筑服务企业外出经营税收，规定国税局要通过（     ）、委托代征或共享信息等方式，协助地税局加强外出经营建筑服务企业的税收管理，优化服务，防范风险。|联合检查|联合办税|联合执法|联合管理||2||||||
协同实施企业所得税优惠事项备案管理，规定国税局、地税局要统一确定优惠事项备案资料，实现（    ）经营企业所得税优惠事项备案协同管理，解决备案资料不一致问题。|跨省际|同一市、县|市内跨县|省内跨区域||4||||||
国地税合作工作规范要求国地税部门联合办理变更登记。变更登记涉及税务登记证件内容变化的，由（    ）收缴并核销原税务登记证件，重新发放盖有双方印章并标注同一纳税人识别号的税务登记证件。|受理方税务机关|原发证方税务机关|国地税任意一方|国税局||1||||||
国地税合作工作规范要求国地税部门合作征收税款，规定地方税务局代国家税务局征收纳税人销售其取得的不动产和其他个人出租不动产（     ）。|个人所得税、企业所得税|增值税|印花税|契税||2||||||
